subjID,itrial,CasesName,filename,Lesion,MouseScreenX,MouseScreenY,ImageMouseX_X_521_,ImageMouseY,NotOnTissue,Accuracy,OldTrialType,NewTrialType
0,1,n385,01_n385_N.jpg,0,1224,748,703,748,0,0,FA,FA
0,2,c227,02_c227_C.jpg,1,845,604,324,604,0,1,HIT,HIT
0,3,c352,03_c352_C.jpg,1,1252,639,731,639,0,1,HIT,HIT
0,4,c284,04_c284_C.jpg,1,1318,586,797,586,0,1,HIT,MISS&FA
0,5,n374,05_n374_N.jpg,0,995,725,474,725,0,0,FA,FA
0,6,n88,06_n88_N.jpg,0,NaN,NaN,NaN,NaN,0,1,TNEG,TNEG
0,7,c41,07_c41_C.jpg,1,NaN,NaN,NaN,NaN,0,0,MISS,MISS
0,8,c242,08_c242_C.jpg,1,1244,457,723,457,0,1,HIT,MISS&FA
0,9,c23,09_c23_C.jpg,1,923,687,402,687,0,1,HIT,MISS&FA
0,10,c228,10_c228_C.jpg,1,1109,727,588,727,0,1,HIT,HIT
0,11,c372,11_c372_C.jpg,1,NaN,NaN,NaN,NaN,0,0,MISS,MISS
0,12,c278,12_c278_C.jpg,1,1210,889,689,889,0,1,HIT,HIT
0,13,n297,13_n297_N.jpg,0,1130,541,609,541,0,0,FA,FA
0,14,n114,14_n114_N.jpg,0,NaN,NaN,NaN,NaN,0,1,TNEG,TNEG
0,15,c102,15_c102_C.jpg,1,1228,761,707,761,0,1,HIT,MISS&FA
0,16,n352,16_n352_N.jpg,0,NaN,NaN,NaN,NaN,0,1,TNEG,TNEG
0,17,c255,17_c255_C.jpg,1,1050,678,529,678,0,1,HIT,MISS&FA
0,18,n264,18_n264_N.jpg,0,NaN,NaN,NaN,NaN,0,1,TNEG,TNEG
0,19,c46,19_c46_C.jpg,1,1013,522,492,522,0,1,HIT,HIT
0,20,c69,20_c69_C.jpg,1,1190,499,669,499,0,1,HIT,HIT
0,21,c239,21_c239_C.jpg,1,NaN,NaN,NaN,NaN,0,0,MISS,MISS
0,22,c141,22_c141_C.jpg,1,1278,907,757,907,0,1,HIT,HIT
0,23,n279,23_n279_N.jpg,0,NaN,NaN,NaN,NaN,0,1,TNEG,TNEG
0,24,c9,24_c9_C.jpg,1,NaN,NaN,NaN,NaN,0,0,MISS,MISS
0,25,n284,25_n284_N.jpg,0,NaN,NaN,NaN,NaN,0,1,TNEG,TNEG
0,26,c384,26_c384_C.jpg,1,1027,535,506,535,0,1,HIT,MISS&FA
0,27,c378,27_c378_C.jpg,1,1289,429,768,429,0,1,HIT,HIT
0,28,c154,28_c154_C.jpg,1,1015,720,494,720,0,1,HIT,HIT
0,29,c353,29_c353_C.jpg,1,1333,719,812,719,0,1,HIT,HIT
0,30,c174,30_c174_C.jpg,1,1338,527,817,527,0,1,HIT,HIT
0,31,c149,31_c149_C.jpg,1,NaN,NaN,NaN,NaN,0,0,MISS,MISS
0,32,n53,32_n53_N.jpg,0,NaN,NaN,NaN,NaN,0,1,TNEG,TNEG
0,33,c306,33_c306_C.jpg,1,NaN,NaN,NaN,NaN,0,0,MISS,MISS
0,34,c84,34_c84_C.jpg,1,NaN,NaN,NaN,NaN,0,0,MISS,MISS
0,35,n307,35_n307_N.jpg,0,NaN,NaN,NaN,NaN,0,1,TNEG,TNEG
0,36,n173,36_n173_N.jpg,0,NaN,NaN,NaN,NaN,0,1,TNEG,TNEG
0,37,c285,37_c285_C.jpg,1,NaN,NaN,NaN,NaN,0,0,MISS,MISS
0,38,c14,38_c14_C.jpg,1,1261,462,740,462,0,1,HIT,HIT
0,39,c143,39_c143_C.jpg,1,NaN,NaN,NaN,NaN,0,0,MISS,MISS
0,40,c101,40_c101_C.jpg,1,1308,402,787,402,0,1,HIT,MISS&FA
0,41,c4,41_c4_C.jpg,1,NaN,NaN,NaN,NaN,0,0,MISS,MISS
0,42,c304,42_c304_C.jpg,1,1206,490,685,490,0,1,HIT,HIT
0,43,c165,43_c165_C.jpg,1,1302,548,781,548,0,1,HIT,HIT
0,44,c3,44_c3_C.jpg,1,NaN,NaN,NaN,NaN,0,0,MISS,MISS
0,45,n28,45_n28_N.jpg,0,NaN,NaN,NaN,NaN,0,1,TNEG,TNEG
0,46,c336,46_c336_C.jpg,1,NaN,NaN,NaN,NaN,0,0,MISS,MISS
0,47,c368,47_c368_C.jpg,1,1135,586,614,586,0,1,HIT,HIT
0,48,c134,48_c134_C.jpg,1,NaN,NaN,NaN,NaN,0,0,MISS,MISS
0,49,n260,49_n260_N.jpg,0,NaN,NaN,NaN,NaN,0,1,TNEG,TNEG
0,50,c182,50_c182_C.jpg,1,1279,734,758,734,0,1,HIT,HIT
0,51,n82,51_n82_N.jpg,0,NaN,NaN,NaN,NaN,0,1,TNEG,TNEG
0,52,c251,52_c251_C.jpg,1,NaN,NaN,NaN,NaN,0,0,MISS,MISS
0,53,c43,53_c43_C.jpg,1,1146,593,625,593,0,1,HIT,HIT
0,54,n349,54_n349_N.jpg,0,NaN,NaN,NaN,NaN,0,1,TNEG,TNEG
0,55,n174,55_n174_N.jpg,0,NaN,NaN,NaN,NaN,0,1,TNEG,TNEG
0,56,c138,56_c138_C.jpg,1,NaN,NaN,NaN,NaN,0,0,MISS,MISS
0,57,c129,57_c129_C.jpg,1,NaN,NaN,NaN,NaN,0,0,MISS,MISS
0,58,c310,58_c310_C.jpg,1,NaN,NaN,NaN,NaN,0,0,MISS,MISS
0,59,c79,59_c79_C.jpg,1,1239,724,718,724,0,1,HIT,HIT
0,60,c148,60_c148_C.jpg,1,1234,389,713,389,0,1,HIT,HIT
0,61,c313,61_c313_C.jpg,1,1054,584,533,584,0,1,HIT,HIT
0,62,n27,62_n27_N.jpg,0,NaN,NaN,NaN,NaN,0,1,TNEG,TNEG
0,63,c70,63_c70_C.jpg,1,916,695,395,695,0,1,HIT,HIT
0,64,c39,64_c39_C.jpg,1,1278,531,757,531,0,1,HIT,HIT
0,65,c484,65_c484_C.jpg,1,1264,509,743,509,0,1,HIT,MISS&FA
0,66,c176,66_c176_C.jpg,1,1030,859,509,859,0,1,HIT,HIT
0,67,n33,67_n33_N.jpg,0,NaN,NaN,NaN,NaN,0,1,TNEG,TNEG
0,68,c196,68_c196_C.jpg,1,1016,672,495,672,0,1,HIT,HIT
0,69,c387,69_c387_C.jpg,1,1274,399,753,399,0,1,HIT,HIT
0,70,c27,70_c27_C.jpg,1,NaN,NaN,NaN,NaN,0,0,MISS,MISS
0,71,c437,71_c437_C.jpg,1,1228,376,707,376,0,1,HIT,HIT
0,72,c5,72_c5_C.jpg,1,NaN,NaN,NaN,NaN,0,0,MISS,MISS
0,73,n271,73_n271_N.jpg,0,NaN,NaN,NaN,NaN,0,1,TNEG,TNEG
0,74,c469,74_c469_C.jpg,1,1274,696,753,696,0,1,HIT,HIT
0,75,c68,75_c68_C.jpg,1,NaN,NaN,NaN,NaN,0,0,MISS,MISS
0,76,c375R,76_c375R_C.jpg,1,1200,566,679,566,0,1,HIT,HIT
0,77,c186,77_c186_C.jpg,1,1211,519,690,519,0,1,HIT,HIT
0,78,c266,78_c266_C.jpg,1,1180,600,659,600,0,1,HIT,HIT
0,79,c116,79_c116_C.jpg,1,1119,455,598,455,0,1,HIT,HIT
0,80,c260,80_c260_C.jpg,1,1085,790,564,790,0,1,HIT,HIT
1,1,c251,01_c251_C.jpg,1,882,744,361,744,0,1,HIT,MISS&FA
1,2,c242,02_c242_C.jpg,1,1151,580,630,580,0,1,HIT,MISS&FA
1,3,n264,03_n264_N.jpg,0,NaN,NaN,NaN,NaN,0,1,TNEG,TNEG
1,4,c353,04_c353_C.jpg,1,1324,728,803,728,0,1,HIT,HIT
1,5,c138,05_c138_C.jpg,1,NaN,NaN,NaN,NaN,0,0,MISS,MISS
1,6,c129,06_c129_C.jpg,1,1156,514,635,514,0,1,HIT,HIT
1,7,c154,07_c154_C.jpg,1,1214,574,693,574,0,1,HIT,MISS&FA
1,8,c116,08_c116_C.jpg,1,1087,456,566,456,0,1,HIT,HIT
1,9,c23,09_c23_C.jpg,1,1096,773,575,773,0,1,HIT,MISS&FA
1,10,c148,10_c148_C.jpg,1,1238,379,717,379,0,1,HIT,HIT
1,11,c149,11_c149_C.jpg,1,1246,407,725,407,0,1,HIT,HIT
1,12,n173,12_n173_N.jpg,0,NaN,NaN,NaN,NaN,0,1,TNEG,TNEG
1,13,n174,13_n174_N.jpg,0,1223,573,702,573,0,0,FA,FA
1,14,c186,14_c186_C.jpg,1,1218,551,697,551,0,1,HIT,HIT
1,15,c387,15_c387_C.jpg,1,1262,420,741,420,0,1,HIT,HIT
1,16,c143,16_c143_C.jpg,1,1245,226,724,226,0,1,HIT,HIT
1,17,n284,17_n284_N.jpg,0,1142,606,621,606,0,0,FA,FA
1,18,c310,18_c310_C.jpg,1,1266,414,745,414,0,1,HIT,MISS&FA
1,19,c437,19_c437_C.jpg,1,1228,388,707,388,0,1,HIT,HIT
1,20,c306,20_c306_C.jpg,1,NaN,NaN,NaN,NaN,0,0,MISS,MISS
1,21,c41,21_c41_C.jpg,1,NaN,NaN,NaN,NaN,0,0,MISS,MISS
1,22,c285,22_c285_C.jpg,1,1634,511,1113,511,1,1,HIT,MISS&FA
1,23,c484,23_c484_C.jpg,1,1259,526,738,526,0,1,HIT,MISS&FA
1,24,c27,24_c27_C.jpg,1,1108,561,587,561,0,1,HIT,MISS&FA
1,25,c102,25_c102_C.jpg,1,1219,766,698,766,0,1,HIT,MISS&FA
1,26,n53,26_n53_N.jpg,0,NaN,NaN,NaN,NaN,0,1,TNEG,TNEG
1,27,n88,27_n88_N.jpg,0,NaN,NaN,NaN,NaN,0,1,TNEG,TNEG
1,28,c70,28_c70_C.jpg,1,879,689,358,689,0,1,HIT,HIT
1,29,c266,29_c266_C.jpg,1,1123,582,602,582,0,1,HIT,HIT
1,30,n297,30_n297_N.jpg,0,1120,504,599,504,0,0,FA,FA
1,31,c255,31_c255_C.jpg,1,1000,799,479,799,0,1,HIT,HIT
1,32,c196,32_c196_C.jpg,1,1000,710,479,710,0,1,HIT,HIT
1,33,c101,33_c101_C.jpg,1,1062,504,541,504,0,1,HIT,MISS&FA
1,34,n28,34_n28_N.jpg,0,1088,456,567,456,0,0,FA,FA
1,35,c182,35_c182_C.jpg,1,1255,759,734,759,0,1,HIT,HIT
1,36,c227,36_c227_C.jpg,1,848,588,327,588,0,1,HIT,HIT
1,37,c9,37_c9_C.jpg,1,NaN,NaN,NaN,NaN,0,0,MISS,MISS
1,38,c304,38_c304_C.jpg,1,1207,520,686,520,0,1,HIT,HIT
1,39,n114,39_n114_N.jpg,0,1189,409,668,409,0,0,FA,FA
1,40,c228,40_c228_C.jpg,1,1107,741,586,741,0,1,HIT,HIT
1,41,n307,41_n307_N.jpg,0,1107,859,586,859,0,0,FA,FA
1,42,n279,42_n279_N.jpg,0,1186,488,665,488,0,0,FA,FA
1,43,n27,43_n27_N.jpg,0,1262,494,741,494,0,0,FA,FA
1,44,c384,44_c384_C.jpg,1,1037,543,516,543,0,1,HIT,MISS&FA
1,45,c352,45_c352_C.jpg,1,1234,643,713,643,0,1,HIT,HIT
1,46,c134,46_c134_C.jpg,1,1089,415,568,415,0,1,HIT,HIT
1,47,c372,47_c372_C.jpg,1,NaN,NaN,NaN,NaN,0,0,MISS,MISS
1,48,c14,48_c14_C.jpg,1,1254,465,733,465,0,1,HIT,HIT
1,49,c336,49_c336_C.jpg,1,NaN,NaN,NaN,NaN,0,0,MISS,MISS
1,50,c84,50_c84_C.jpg,1,NaN,NaN,NaN,NaN,0,0,MISS,MISS
1,51,c68,51_c68_C.jpg,1,1258,704,737,704,0,1,HIT,HIT
1,52,c5,52_c5_C.jpg,1,1055,527,534,527,0,1,HIT,MISS&FA
1,53,n260,53_n260_N.jpg,0,NaN,NaN,NaN,NaN,0,1,TNEG,TNEG
1,54,c375R,54_c375R_C.jpg,1,1215,557,694,557,0,1,HIT,HIT
1,55,c469,55_c469_C.jpg,1,1265,701,744,701,0,1,HIT,HIT
1,56,c46,56_c46_C.jpg,1,1002,537,481,537,0,1,HIT,HIT
1,57,c39,57_c39_C.jpg,1,1264,529,743,529,0,1,HIT,HIT
1,58,c141,58_c141_C.jpg,1,1262,922,741,922,0,1,HIT,HIT
1,59,c313,59_c313_C.jpg,1,1041,597,520,597,0,1,HIT,HIT
1,60,n385,60_n385_N.jpg,0,1214,725,693,725,0,0,FA,FA
1,61,c165,61_c165_C.jpg,1,1297,564,776,564,0,1,HIT,HIT
1,62,c284,62_c284_C.jpg,1,1318,587,797,587,0,1,HIT,MISS&FA
1,63,n82,63_n82_N.jpg,0,1183,572,662,572,0,0,FA,FA
1,64,c69,64_c69_C.jpg,1,1161,494,640,494,0,1,HIT,HIT
1,65,c79,65_c79_C.jpg,1,1221,709,700,709,0,1,HIT,HIT
1,66,c260,66_c260_C.jpg,1,1089,813,568,813,0,1,HIT,HIT
1,67,c378,67_c378_C.jpg,1,1302,436,781,436,0,1,HIT,HIT
1,68,n374,68_n374_N.jpg,0,1118,805,597,805,0,0,FA,FA
1,69,n271,69_n271_N.jpg,0,NaN,NaN,NaN,NaN,0,1,TNEG,TNEG
1,70,c368,70_c368_C.jpg,1,1083,587,562,587,0,1,HIT,HIT
1,71,n349,71_n349_N.jpg,0,1275,787,754,787,0,0,FA,FA
1,72,c239,72_c239_C.jpg,1,1201,884,680,884,0,1,HIT,HIT
1,73,n352,73_n352_N.jpg,0,NaN,NaN,NaN,NaN,0,1,TNEG,TNEG
1,74,c3,74_c3_C.jpg,1,NaN,NaN,NaN,NaN,0,0,MISS,MISS
1,75,c174,75_c174_C.jpg,1,1312,544,791,544,0,1,HIT,HIT
1,76,c4,76_c4_C.jpg,1,NaN,NaN,NaN,NaN,0,0,MISS,MISS
1,77,n33,77_n33_N.jpg,0,1209,365,688,365,0,0,FA,FA
1,78,c43,78_c43_C.jpg,1,1024,527,503,527,0,1,HIT,MISS&FA
1,79,c278,79_c278_C.jpg,1,1197,894,676,894,0,1,HIT,HIT
1,80,c176,80_c176_C.jpg,1,1032,853,511,853,0,1,HIT,HIT
2,1,c14,01_c14_C.jpg,1,1250,458,729,458,0,1,HIT,HIT
2,2,c134,02_c134_C.jpg,1,1122,416,601,416,0,1,HIT,HIT
2,3,c384,03_c384_C.jpg,1,1175,843,654,843,0,1,HIT,HIT
2,4,n352,04_n352_N.jpg,0,1122,613,601,613,0,0,FA,FA
2,5,c23,05_c23_C.jpg,1,913,702,392,702,0,1,HIT,MISS&FA
2,6,c255,06_c255_C.jpg,1,1023,797,502,797,0,1,HIT,HIT
2,7,n279,07_n279_N.jpg,0,1088,572,567,572,0,0,FA,FA
2,8,c174,08_c174_C.jpg,1,1308,526,787,526,0,1,HIT,HIT
2,9,c484,09_c484_C.jpg,1,1145,758,624,758,0,1,HIT,HIT
2,10,c148,10_c148_C.jpg,1,1241,377,720,377,0,1,HIT,HIT
2,11,n82,11_n82_N.jpg,0,1185,578,664,578,0,0,FA,FA
2,12,c165,12_c165_C.jpg,1,1302,553,781,553,0,1,HIT,HIT
2,13,c278,13_c278_C.jpg,1,1211,875,690,875,0,1,HIT,HIT
2,14,c4,14_c4_C.jpg,1,1120,689,599,689,0,1,HIT,HIT
2,15,n271,15_n271_N.jpg,0,NaN,NaN,NaN,NaN,0,1,TNEG,TNEG
2,16,c102,16_c102_C.jpg,1,NaN,NaN,NaN,NaN,0,0,MISS,MISS
2,17,n260,17_n260_N.jpg,0,1032,805,511,805,0,0,FA,FA
2,18,c101,18_c101_C.jpg,1,1037,504,516,504,0,1,HIT,MISS&FA
2,19,c39,19_c39_C.jpg,1,1262,513,741,513,0,1,HIT,HIT
2,20,c182,20_c182_C.jpg,1,1272,780,751,780,0,1,HIT,HIT
2,21,c372,21_c372_C.jpg,1,1239,588,718,588,0,1,HIT,MISS&FA
2,22,c141,22_c141_C.jpg,1,990,599,469,599,0,1,HIT,MISS&FA
2,23,n28,23_n28_N.jpg,0,887,699,366,699,0,0,FA,FA
2,24,c336,24_c336_C.jpg,1,1303,659,782,659,0,1,HIT,HIT
2,25,c368,25_c368_C.jpg,1,1121,579,600,579,0,1,HIT,HIT
2,26,c143,26_c143_C.jpg,1,1074,533,553,533,0,1,HIT,MISS&FA
2,27,c353,27_c353_C.jpg,1,1337,729,816,729,0,1,HIT,HIT
2,28,c5,28_c5_C.jpg,1,1060,538,539,538,0,1,HIT,MISS&FA
2,29,c266,29_c266_C.jpg,1,1175,611,654,611,0,1,HIT,HIT
2,30,c116,30_c116_C.jpg,1,1105,453,584,453,0,1,HIT,HIT
2,31,c260,31_c260_C.jpg,1,1091,797,570,797,0,1,HIT,HIT
2,32,c70,32_c70_C.jpg,1,916,695,395,695,0,1,HIT,HIT
2,33,c43,33_c43_C.jpg,1,1043,545,522,545,0,1,HIT,MISS&FA
2,34,n349,34_n349_N.jpg,0,1201,491,680,491,0,0,FA,FA
2,35,c196,35_c196_C.jpg,1,1009,695,488,695,0,1,HIT,HIT
2,36,c469,36_c469_C.jpg,1,1260,688,739,688,0,1,HIT,HIT
2,37,n173,37_n173_N.jpg,0,1149,504,628,504,0,0,FA,FA
2,38,n284,38_n284_N.jpg,0,NaN,NaN,NaN,NaN,0,1,TNEG,TNEG
2,39,c285,39_c285_C.jpg,1,1076,784,555,784,0,1,HIT,MISS&FA
2,40,n114,40_n114_N.jpg,0,NaN,NaN,NaN,NaN,0,1,TNEG,TNEG
2,41,n297,41_n297_N.jpg,0,1158,494,637,494,0,0,FA,FA
2,42,c239,42_c239_C.jpg,1,1209,876,688,876,0,1,HIT,HIT
2,43,c3,43_c3_C.jpg,1,NaN,NaN,NaN,NaN,0,0,MISS,MISS
2,44,c251,44_c251_C.jpg,1,892,755,371,755,0,1,HIT,MISS&FA
2,45,c27,45_c27_C.jpg,1,1061,547,540,547,0,1,HIT,MISS&FA
2,46,c138,46_c138_C.jpg,1,1002,866,481,866,0,1,HIT,MISS&FA
2,47,n174,47_n174_N.jpg,0,1309,646,788,646,0,0,FA,FA
2,48,n33,48_n33_N.jpg,0,NaN,NaN,NaN,NaN,0,1,TNEG,TNEG
2,49,n88,49_n88_N.jpg,0,NaN,NaN,NaN,NaN,0,1,TNEG,TNEG
2,50,c242,50_c242_C.jpg,1,1121,581,600,581,0,1,HIT,MISS&FA
2,51,c306,51_c306_C.jpg,1,1201,560,680,560,0,1,HIT,MISS&FA
2,52,c129,52_c129_C.jpg,1,1168,512,647,512,0,1,HIT,HIT
2,53,n307,53_n307_N.jpg,0,1067,881,546,881,0,0,FA,FA
2,54,c387,54_c387_C.jpg,1,1263,408,742,408,0,1,HIT,HIT
2,55,c84,55_c84_C.jpg,1,NaN,NaN,NaN,NaN,0,0,MISS,MISS
2,56,c149,56_c149_C.jpg,1,1244,431,723,431,0,1,HIT,HIT
2,57,c313,57_c313_C.jpg,1,1103,729,582,729,0,1,HIT,MISS&FA
2,58,c68,58_c68_C.jpg,1,1260,701,739,701,0,1,HIT,HIT
2,59,c227,59_c227_C.jpg,1,838,593,317,593,0,1,HIT,HIT
2,60,n385,60_n385_N.jpg,0,1082,396,561,396,0,0,FA,FA
2,61,c69,61_c69_C.jpg,1,1173,484,652,484,0,1,HIT,HIT
2,62,c176,62_c176_C.jpg,1,1015,862,494,862,0,1,HIT,HIT
2,63,n53,63_n53_N.jpg,0,NaN,NaN,NaN,NaN,0,1,TNEG,TNEG
2,64,c378,64_c378_C.jpg,1,1150,565,629,565,0,1,HIT,MISS&FA
2,65,c284,65_c284_C.jpg,1,1191,660,670,660,0,1,HIT,MISS&FA
2,66,c46,66_c46_C.jpg,1,1000,532,479,532,0,1,HIT,HIT
2,67,c228,67_c228_C.jpg,1,1119,730,598,730,0,1,HIT,HIT
2,68,c41,68_c41_C.jpg,1,1052,663,531,663,0,1,HIT,MISS&FA
2,69,c375R,69_c375R_C.jpg,1,1206,551,685,551,0,1,HIT,HIT
2,70,c352,70_c352_C.jpg,1,1247,632,726,632,0,1,HIT,HIT
2,71,n27,71_n27_N.jpg,0,1272,498,751,498,0,0,FA,FA
2,72,c186,72_c186_C.jpg,1,1217,526,696,526,0,1,HIT,HIT
2,73,c437,73_c437_C.jpg,1,1224,366,703,366,0,1,HIT,HIT
2,74,n374,74_n374_N.jpg,0,983,723,462,723,0,0,FA,FA
2,75,c310,75_c310_C.jpg,1,1238,403,717,403,0,1,HIT,MISS&FA
2,76,n264,76_n264_N.jpg,0,1228,570,707,570,0,0,FA,FA
2,77,c79,77_c79_C.jpg,1,1232,719,711,719,0,1,HIT,HIT
2,78,c9,78_c9_C.jpg,1,1180,638,659,638,0,1,HIT,MISS&FA
2,79,c304,79_c304_C.jpg,1,1199,499,678,499,0,1,HIT,HIT
2,80,c154,80_c154_C.jpg,1,1014,723,493,723,0,1,HIT,HIT
3,1,c41,01_c41_C.jpg,1,1057,659,536,659,0,1,HIT,MISS&FA
3,2,c134,02_c134_C.jpg,1,1130,413,609,413,0,1,HIT,HIT
3,3,c239,03_c239_C.jpg,1,NaN,NaN,NaN,NaN,0,0,MISS,MISS
3,4,c469,04_c469_C.jpg,1,1281,709,760,709,0,1,HIT,HIT
3,5,c154,05_c154_C.jpg,1,1254,546,733,546,0,1,HIT,MISS&FA
3,6,c255,06_c255_C.jpg,1,NaN,NaN,NaN,NaN,0,0,MISS,MISS
3,7,c3,07_c3_C.jpg,1,NaN,NaN,NaN,NaN,0,0,MISS,MISS
3,8,c148,08_c148_C.jpg,1,1264,389,743,389,0,1,HIT,HIT
3,9,c306,09_c306_C.jpg,1,NaN,NaN,NaN,NaN,0,0,MISS,MISS
3,10,n307,10_n307_N.jpg,0,1195,742,674,742,0,0,FA,FA
3,11,c186,11_c186_C.jpg,1,1228,532,707,532,0,1,HIT,HIT
3,12,n260,12_n260_N.jpg,0,NaN,NaN,NaN,NaN,0,1,TNEG,TNEG
3,13,c4,13_c4_C.jpg,1,NaN,NaN,NaN,NaN,0,0,MISS,MISS
3,14,n297,14_n297_N.jpg,0,1133,527,612,527,0,0,FA,FA
3,15,c352,15_c352_C.jpg,1,1237,646,716,646,0,1,HIT,HIT
3,16,n173,16_n173_N.jpg,0,1083,661,562,661,0,0,FA,FA
3,17,c143,17_c143_C.jpg,1,NaN,NaN,NaN,NaN,0,0,MISS,MISS
3,18,c387,18_c387_C.jpg,1,1271,408,750,408,0,1,HIT,HIT
3,19,c27,19_c27_C.jpg,1,NaN,NaN,NaN,NaN,0,0,MISS,MISS
3,20,c23,20_c23_C.jpg,1,NaN,NaN,NaN,NaN,0,0,HIT,MISS
3,21,c368,21_c368_C.jpg,1,1141,586,620,586,0,1,HIT,HIT
3,22,n88,22_n88_N.jpg,0,NaN,NaN,NaN,NaN,0,1,TNEG,TNEG
3,23,n28,23_n28_N.jpg,0,878,714,357,714,0,0,FA,FA
3,24,c285,24_c285_C.jpg,1,NaN,NaN,NaN,NaN,0,0,MISS,MISS
3,25,c484,25_c484_C.jpg,1,1242,543,721,543,0,1,HIT,MISS&FA
3,26,c242,26_c242_C.jpg,1,NaN,NaN,NaN,NaN,0,0,MISS,MISS
3,27,c353,27_c353_C.jpg,1,1343,722,822,722,0,1,HIT,HIT
3,28,n33,28_n33_N.jpg,0,NaN,NaN,NaN,NaN,0,1,TNEG,TNEG
3,29,c336,29_c336_C.jpg,1,1292,646,771,646,0,1,HIT,HIT
3,30,c70,30_c70_C.jpg,1,898,669,377,669,0,1,HIT,HIT
3,31,c304,31_c304_C.jpg,1,NaN,NaN,NaN,NaN,0,0,MISS,MISS
3,32,c174,32_c174_C.jpg,1,1335,539,814,539,0,1,HIT,HIT
3,33,c437,33_c437_C.jpg,1,1222,361,701,361,0,1,HIT,HIT
3,34,n279,34_n279_N.jpg,0,NaN,NaN,NaN,NaN,0,1,TNEG,TNEG
3,35,c116,35_c116_C.jpg,1,1105,446,584,446,0,1,HIT,HIT
3,36,n53,36_n53_N.jpg,0,NaN,NaN,NaN,NaN,0,1,TNEG,TNEG
3,37,c176,37_c176_C.jpg,1,1015,849,494,849,0,1,HIT,HIT
3,38,n271,38_n271_N.jpg,0,NaN,NaN,NaN,NaN,0,1,TNEG,TNEG
3,39,c102,39_c102_C.jpg,1,1222,769,701,769,0,1,HIT,MISS&FA
3,40,c84,40_c84_C.jpg,1,NaN,NaN,NaN,NaN,0,0,MISS,MISS
3,41,n352,41_n352_N.jpg,0,1113,615,592,615,0,0,FA,FA
3,42,c284,42_c284_C.jpg,1,1194,487,673,487,0,1,HIT,MISS&FA
3,43,c138,43_c138_C.jpg,1,993,808,472,808,0,1,HIT,MISS&FA
3,44,n349,44_n349_N.jpg,0,NaN,NaN,NaN,NaN,0,1,TNEG,TNEG
3,45,c43,45_c43_C.jpg,1,1152,599,631,599,0,1,HIT,HIT
3,46,c313,46_c313_C.jpg,1,1064,581,543,581,0,1,HIT,HIT
3,47,c141,47_c141_C.jpg,1,1273,917,752,917,0,1,HIT,HIT
3,48,c5,48_c5_C.jpg,1,1232,418,711,418,0,1,HIT,HIT
3,49,n284,49_n284_N.jpg,0,NaN,NaN,NaN,NaN,0,1,TNEG,TNEG
3,50,c278,50_c278_C.jpg,1,1218,889,697,889,0,1,HIT,HIT
3,51,n174,51_n174_N.jpg,0,1311,655,790,655,0,0,FA,FA
3,52,c149,52_c149_C.jpg,1,1240,398,719,398,0,1,HIT,HIT
3,53,c196,53_c196_C.jpg,1,998,684,477,684,0,1,HIT,HIT
3,54,c251,54_c251_C.jpg,1,NaN,NaN,NaN,NaN,0,0,MISS,MISS
3,55,c165,55_c165_C.jpg,1,1298,530,777,530,0,1,HIT,HIT
3,56,c79,56_c79_C.jpg,1,1225,711,704,711,0,1,HIT,HIT
3,57,c375R,57_c375R_C.jpg,1,1210,558,689,558,0,1,HIT,HIT
3,58,c39,58_c39_C.jpg,1,1307,528,786,528,0,1,HIT,HIT
3,59,c372,59_c372_C.jpg,1,NaN,NaN,NaN,NaN,0,0,MISS,MISS
3,60,c9,60_c9_C.jpg,1,NaN,NaN,NaN,NaN,0,0,MISS,MISS
3,61,c260,61_c260_C.jpg,1,1099,803,578,803,0,1,HIT,HIT
3,62,c228,62_c228_C.jpg,1,1109,733,588,733,0,1,HIT,HIT
3,63,c14,63_c14_C.jpg,1,1243,462,722,462,0,1,HIT,HIT
3,64,n385,64_n385_N.jpg,0,NaN,NaN,NaN,NaN,0,1,TNEG,TNEG
3,65,n114,65_n114_N.jpg,0,NaN,NaN,NaN,NaN,0,1,TNEG,TNEG
3,66,n82,66_n82_N.jpg,0,NaN,NaN,NaN,NaN,0,1,TNEG,TNEG
3,67,c310,67_c310_C.jpg,1,1240,401,719,401,0,1,HIT,MISS&FA
3,68,c266,68_c266_C.jpg,1,1098,622,577,622,0,1,HIT,MISS&FA
3,69,n374,69_n374_N.jpg,0,NaN,NaN,NaN,NaN,0,1,TNEG,TNEG
3,70,n27,70_n27_N.jpg,0,1260,501,739,501,0,0,FA,FA
3,71,c182,71_c182_C.jpg,1,1283,761,762,761,0,1,HIT,HIT
3,72,c378,72_c378_C.jpg,1,1313,438,792,438,0,1,HIT,HIT
3,73,c68,73_c68_C.jpg,1,1259,702,738,702,0,1,HIT,HIT
3,74,c384,74_c384_C.jpg,1,1176,877,655,877,0,1,HIT,HIT
3,75,c129,75_c129_C.jpg,1,NaN,NaN,NaN,NaN,0,0,MISS,MISS
3,76,c69,76_c69_C.jpg,1,1133,527,612,527,0,1,HIT,MISS&FA
3,77,c46,77_c46_C.jpg,1,NaN,NaN,NaN,NaN,0,0,MISS,MISS
3,78,n264,78_n264_N.jpg,0,1359,629,838,629,0,0,FA,FA
3,79,c101,79_c101_C.jpg,1,1290,425,769,425,0,1,HIT,MISS&FA
3,80,c227,80_c227_C.jpg,1,865,595,344,595,0,1,HIT,HIT
4,1,n260,01_n260_N.jpg,0,NaN,NaN,NaN,NaN,0,1,TNEG,TNEG
4,2,n374,02_n374_N.jpg,0,1125,787,604,787,0,0,FA,FA
4,3,c196,03_c196_C.jpg,1,993,680,472,680,0,1,HIT,HIT
4,4,n174,04_n174_N.jpg,0,1306,654,785,654,0,0,FA,FA
4,5,c138,05_c138_C.jpg,1,1012,873,491,873,0,1,HIT,MISS&FA
4,6,c278,06_c278_C.jpg,1,1207,886,686,886,0,1,HIT,HIT
4,7,c304,07_c304_C.jpg,1,1208,488,687,488,0,1,HIT,HIT
4,8,n173,08_n173_N.jpg,0,1090,640,569,640,0,0,FA,FA
4,9,n53,09_n53_N.jpg,0,NaN,NaN,NaN,NaN,0,1,TNEG,TNEG
4,10,c284,10_c284_C.jpg,1,1183,504,662,504,0,1,HIT,MISS&FA
4,11,c375R,11_c375R_C.jpg,1,1213,557,692,557,0,1,HIT,HIT
4,12,n349,12_n349_N.jpg,0,NaN,NaN,NaN,NaN,0,1,TNEG,TNEG
4,13,n385,13_n385_N.jpg,0,1085,573,564,573,0,0,FA,FA
4,14,c260,14_c260_C.jpg,1,910,703,389,703,0,1,HIT,MISS&FA
4,15,c242,15_c242_C.jpg,1,1212,628,691,628,0,1,HIT,MISS&FA
4,16,c387,16_c387_C.jpg,1,1250,404,729,404,0,1,HIT,HIT
4,17,c285,17_c285_C.jpg,1,1147,346,626,346,0,1,HIT,HIT
4,18,c41,18_c41_C.jpg,1,1155,652,634,652,0,1,HIT,MISS&FA
4,19,c134,19_c134_C.jpg,1,1140,417,619,417,0,1,HIT,HIT
4,20,c141,20_c141_C.jpg,1,1262,896,741,896,0,1,HIT,HIT
4,21,c129,21_c129_C.jpg,1,1146,529,625,529,0,1,HIT,HIT
4,22,c154,22_c154_C.jpg,1,1014,715,493,715,0,1,HIT,HIT
4,23,c174,23_c174_C.jpg,1,1315,524,794,524,0,1,HIT,HIT
4,24,c5,24_c5_C.jpg,1,NaN,NaN,NaN,NaN,0,0,MISS,MISS
4,25,n88,25_n88_N.jpg,0,1202,141,681,141,0,0,FA,FA
4,26,c27,26_c27_C.jpg,1,NaN,NaN,NaN,NaN,0,0,MISS,MISS
4,27,c43,27_c43_C.jpg,1,NaN,NaN,NaN,NaN,0,0,MISS,MISS
4,28,n284,28_n284_N.jpg,0,1395,793,874,793,0,0,FA,FA
4,29,c372,29_c372_C.jpg,1,1142,628,621,628,0,1,HIT,MISS&FA
4,30,c336,30_c336_C.jpg,1,1304,645,783,645,0,1,HIT,HIT
4,31,c68,31_c68_C.jpg,1,1263,736,742,736,0,1,HIT,HIT
4,32,c352,32_c352_C.jpg,1,1232,625,711,625,0,1,HIT,HIT
4,33,c9,33_c9_C.jpg,1,NaN,NaN,NaN,NaN,0,0,MISS,MISS
4,34,n114,34_n114_N.jpg,0,1150,806,629,806,0,0,FA,FA
4,35,c148,35_c148_C.jpg,1,1261,359,740,359,0,1,HIT,HIT
4,36,c149,36_c149_C.jpg,1,1213,590,692,590,0,1,HIT,MISS&FA
4,37,n279,37_n279_N.jpg,0,NaN,NaN,NaN,NaN,0,1,TNEG,TNEG
4,38,c70,38_c70_C.jpg,1,889,688,368,688,0,1,HIT,HIT
4,39,n33,39_n33_N.jpg,0,1264,555,743,555,0,0,FA,FA
4,40,c3,40_c3_C.jpg,1,NaN,NaN,NaN,NaN,0,0,MISS,MISS
4,41,c165,41_c165_C.jpg,1,1295,546,774,546,0,1,HIT,HIT
4,42,c101,42_c101_C.jpg,1,990,638,469,638,0,1,HIT,MISS&FA
4,43,c228,43_c228_C.jpg,1,1105,729,584,729,0,1,HIT,HIT
4,44,n271,44_n271_N.jpg,0,NaN,NaN,NaN,NaN,0,1,TNEG,TNEG
4,45,c79,45_c79_C.jpg,1,1243,813,722,813,0,1,HIT,MISS&FA
4,46,c306,46_c306_C.jpg,1,NaN,NaN,NaN,NaN,0,0,MISS,MISS
4,47,c469,47_c469_C.jpg,1,1275,710,754,710,0,1,HIT,HIT
4,48,c353,48_c353_C.jpg,1,1328,714,807,714,0,1,HIT,HIT
4,49,c176,49_c176_C.jpg,1,1024,841,503,841,0,1,HIT,HIT
4,50,c313,50_c313_C.jpg,1,1045,576,524,576,0,1,HIT,HIT
4,51,c116,51_c116_C.jpg,1,1104,431,583,431,0,1,HIT,HIT
4,52,c239,52_c239_C.jpg,1,NaN,NaN,NaN,NaN,0,0,MISS,MISS
4,53,c266,53_c266_C.jpg,1,1171,605,650,605,0,1,HIT,HIT
4,54,c368,54_c368_C.jpg,1,1126,595,605,595,0,1,HIT,HIT
4,55,c484,55_c484_C.jpg,1,1344,703,823,703,0,1,HIT,MISS&FA
4,56,c384,56_c384_C.jpg,1,1162,868,641,868,0,1,HIT,HIT
4,57,n307,57_n307_N.jpg,0,NaN,NaN,NaN,NaN,0,1,TNEG,TNEG
4,58,n264,58_n264_N.jpg,0,NaN,NaN,NaN,NaN,0,1,TNEG,TNEG
4,59,n352,59_n352_N.jpg,0,NaN,NaN,NaN,NaN,0,1,TNEG,TNEG
4,60,c84,60_c84_C.jpg,1,NaN,NaN,NaN,NaN,0,0,MISS,MISS
4,61,c69,61_c69_C.jpg,1,1202,792,681,792,0,1,HIT,MISS&FA
4,62,c46,62_c46_C.jpg,1,1094,747,573,747,0,1,HIT,MISS&FA
4,63,c23,63_c23_C.jpg,1,1060,480,539,480,0,1,HIT,HIT
4,64,c102,64_c102_C.jpg,1,NaN,NaN,NaN,NaN,0,0,MISS,MISS
4,65,c310,65_c310_C.jpg,1,1198,728,677,728,0,1,HIT,MISS&FA
4,66,c255,66_c255_C.jpg,1,NaN,NaN,NaN,NaN,0,0,MISS,MISS
4,67,c186,67_c186_C.jpg,1,1226,512,705,512,0,1,HIT,HIT
4,68,c4,68_c4_C.jpg,1,NaN,NaN,NaN,NaN,0,0,MISS,MISS
4,69,n28,69_n28_N.jpg,0,NaN,NaN,NaN,NaN,0,1,FA,TNEG
4,70,c182,70_c182_C.jpg,1,1276,759,755,759,0,1,HIT,HIT
4,71,c378,71_c378_C.jpg,1,1307,433,786,433,0,1,HIT,HIT
4,72,n82,72_n82_N.jpg,0,NaN,NaN,NaN,NaN,0,1,TNEG,TNEG
4,73,c39,73_c39_C.jpg,1,1232,540,711,540,0,1,HIT,HIT
4,74,c14,74_c14_C.jpg,1,1251,466,730,466,0,1,HIT,HIT
4,75,c227,75_c227_C.jpg,1,1381,642,860,642,0,1,HIT,MISS&FA
4,76,n27,76_n27_N.jpg,0,1269,500,748,500,0,0,FA,FA
4,77,c437,77_c437_C.jpg,1,1234,360,713,360,0,1,HIT,HIT
4,78,n297,78_n297_N.jpg,0,NaN,NaN,NaN,NaN,0,1,TNEG,TNEG
4,79,c143,79_c143_C.jpg,1,NaN,NaN,NaN,NaN,0,0,MISS,MISS
4,80,c251,80_c251_C.jpg,1,1282,286,761,286,0,1,HIT,HIT
5,1,c39,01_c39_C.jpg,1,1251,519,730,519,0,1,HIT,HIT
5,2,c251,02_c251_C.jpg,1,1277,276,756,276,0,1,HIT,HIT
5,3,n174,03_n174_N.jpg,0,1251,559,730,559,0,0,FA,FA
5,4,n385,04_n385_N.jpg,0,NaN,NaN,NaN,NaN,0,1,TNEG,TNEG
5,5,c176,05_c176_C.jpg,1,1027,861,506,861,0,1,HIT,HIT
5,6,c304,06_c304_C.jpg,1,1144,553,623,553,0,1,HIT,MISS&FA
5,7,n88,07_n88_N.jpg,0,1185,126,664,126,0,0,FA,FA
5,8,n297,08_n297_N.jpg,0,1296,186,775,186,0,0,FA,FA
5,9,c43,09_c43_C.jpg,1,1031,557,510,557,0,1,HIT,MISS&FA
5,10,c284,10_c284_C.jpg,1,NaN,NaN,NaN,NaN,0,0,MISS,MISS
5,11,c101,11_c101_C.jpg,1,1178,561,657,561,0,1,HIT,HIT
5,12,c353,12_c353_C.jpg,1,NaN,NaN,NaN,NaN,0,0,MISS,MISS
5,13,c149,13_c149_C.jpg,1,1233,429,712,429,0,1,HIT,HIT
5,14,c310,14_c310_C.jpg,1,NaN,NaN,NaN,NaN,0,0,MISS,MISS
5,15,c336,15_c336_C.jpg,1,1317,644,796,644,0,1,HIT,HIT
5,16,c14,16_c14_C.jpg,1,NaN,NaN,NaN,NaN,0,0,MISS,MISS
5,17,c196,17_c196_C.jpg,1,1009,693,488,693,0,1,HIT,HIT
5,18,n264,18_n264_N.jpg,0,1135,757,614,757,0,0,FA,FA
5,19,c484,19_c484_C.jpg,1,1148,771,627,771,0,1,HIT,HIT
5,20,c266,20_c266_C.jpg,1,NaN,NaN,NaN,NaN,0,0,MISS,MISS
5,21,c384,21_c384_C.jpg,1,1041,789,520,789,0,1,HIT,MISS&FA
5,22,n27,22_n27_N.jpg,0,1273,476,752,476,0,0,FA,FA
5,23,c239,23_c239_C.jpg,1,1209,867,688,867,0,1,HIT,HIT
5,24,c27,24_c27_C.jpg,1,NaN,NaN,NaN,NaN,0,0,MISS,MISS
5,25,c306,25_c306_C.jpg,1,1282,485,761,485,0,1,HIT,MISS&FA
5,26,c148,26_c148_C.jpg,1,1245,373,724,373,0,1,HIT,HIT
5,27,c68,27_c68_C.jpg,1,NaN,NaN,NaN,NaN,0,0,MISS,MISS
5,28,c375R,28_c375R_C.jpg,1,1202,559,681,559,0,1,HIT,HIT
5,29,n114,29_n114_N.jpg,0,NaN,NaN,NaN,NaN,0,1,TNEG,TNEG
5,30,c174,30_c174_C.jpg,1,1328,513,807,513,0,1,HIT,HIT
5,31,n28,31_n28_N.jpg,0,NaN,NaN,NaN,NaN,0,1,TNEG,TNEG
5,32,c102,32_c102_C.jpg,1,883,643,362,643,0,1,HIT,HIT
5,33,c154,33_c154_C.jpg,1,NaN,NaN,NaN,NaN,0,0,MISS,MISS
5,34,n307,34_n307_N.jpg,0,NaN,NaN,NaN,NaN,0,1,TNEG,TNEG
5,35,c141,35_c141_C.jpg,1,NaN,NaN,NaN,NaN,0,0,MISS,MISS
5,36,c372,36_c372_C.jpg,1,NaN,NaN,NaN,NaN,0,0,MISS,MISS
5,37,c469,37_c469_C.jpg,1,1293,681,772,681,0,1,HIT,HIT
5,38,c41,38_c41_C.jpg,1,1053,398,532,398,0,1,HIT,HIT
5,39,c228,39_c228_C.jpg,1,1099,738,578,738,0,1,HIT,HIT
5,40,c70,40_c70_C.jpg,1,966,835,445,835,0,1,HIT,MISS&FA
5,41,c227,41_c227_C.jpg,1,868,583,347,583,0,1,HIT,HIT
5,42,n349,42_n349_N.jpg,0,NaN,NaN,NaN,NaN,0,1,TNEG,TNEG
5,43,c9,43_c9_C.jpg,1,1143,638,622,638,0,1,HIT,MISS&FA
5,44,c5,44_c5_C.jpg,1,1235,402,714,402,0,1,HIT,HIT
5,45,n352,45_n352_N.jpg,0,NaN,NaN,NaN,NaN,0,1,TNEG,TNEG
5,46,c23,46_c23_C.jpg,1,1106,753,585,753,0,1,HIT,MISS&FA
5,47,c352,47_c352_C.jpg,1,1242,646,721,646,0,1,HIT,HIT
5,48,n374,48_n374_N.jpg,0,967,729,446,729,0,0,FA,FA
5,49,c69,49_c69_C.jpg,1,1175,490,654,490,0,1,HIT,HIT
5,50,c84,50_c84_C.jpg,1,NaN,NaN,NaN,NaN,0,0,MISS,MISS
5,51,c313,51_c313_C.jpg,1,1043,591,522,591,0,1,HIT,HIT
5,52,n284,52_n284_N.jpg,0,NaN,NaN,NaN,NaN,0,1,TNEG,TNEG
5,53,c116,53_c116_C.jpg,1,1228,160,707,160,0,1,HIT,MISS&FA
5,54,c3,54_c3_C.jpg,1,NaN,NaN,NaN,NaN,0,0,MISS,MISS
5,55,c242,55_c242_C.jpg,1,1155,572,634,572,0,1,HIT,MISS&FA
5,56,c165,56_c165_C.jpg,1,1289,557,768,557,0,1,HIT,HIT
5,57,c368,57_c368_C.jpg,1,1110,596,589,596,0,1,HIT,HIT
5,58,c4,58_c4_C.jpg,1,NaN,NaN,NaN,NaN,0,0,MISS,MISS
5,59,n271,59_n271_N.jpg,0,NaN,NaN,NaN,NaN,0,1,TNEG,TNEG
5,60,c260,60_c260_C.jpg,1,939,668,418,668,0,1,HIT,MISS&FA
5,61,n173,61_n173_N.jpg,0,NaN,NaN,NaN,NaN,0,1,TNEG,TNEG
5,62,n33,62_n33_N.jpg,0,NaN,NaN,NaN,NaN,0,1,TNEG,TNEG
5,63,c255,63_c255_C.jpg,1,1028,793,507,793,0,1,HIT,HIT
5,64,c285,64_c285_C.jpg,1,NaN,NaN,NaN,NaN,0,0,MISS,MISS
5,65,c437,65_c437_C.jpg,1,1251,372,730,372,0,1,HIT,HIT
5,66,c129,66_c129_C.jpg,1,1118,621,597,621,0,1,HIT,MISS&FA
5,67,c134,67_c134_C.jpg,1,1114,652,593,652,0,1,HIT,MISS&FA
5,68,n260,68_n260_N.jpg,0,1099,677,578,677,0,0,FA,FA
5,69,c79,69_c79_C.jpg,1,1221,717,700,717,0,1,HIT,HIT
5,70,c186,70_c186_C.jpg,1,NaN,NaN,NaN,NaN,0,0,MISS,MISS
5,71,c378,71_c378_C.jpg,1,1135,576,614,576,0,1,HIT,MISS&FA
5,72,n82,72_n82_N.jpg,0,NaN,NaN,NaN,NaN,0,1,TNEG,TNEG
5,73,c182,73_c182_C.jpg,1,1274,738,753,738,0,1,HIT,HIT
5,74,c138,74_c138_C.jpg,1,1020,931,499,931,0,1,HIT,MISS&FA
5,75,n53,75_n53_N.jpg,0,NaN,NaN,NaN,NaN,0,1,TNEG,TNEG
5,76,c278,76_c278_C.jpg,1,NaN,NaN,NaN,NaN,0,0,MISS,MISS
5,77,c143,77_c143_C.jpg,1,1090,637,569,637,0,1,HIT,MISS&FA
5,78,c46,78_c46_C.jpg,1,1005,525,484,525,0,1,HIT,HIT
5,79,c387,79_c387_C.jpg,1,1092,678,571,678,0,1,HIT,MISS&FA
5,80,n279,80_n279_N.jpg,0,NaN,NaN,NaN,NaN,0,1,TNEG,TNEG
6,1,n297,01_n297_N.jpg,0,1033,522,512,522,0,0,FA,FA
6,2,c196,02_c196_C.jpg,1,1026,693,505,693,0,1,HIT,HIT
6,3,c306,03_c306_C.jpg,1,1288,467,767,467,0,1,HIT,MISS&FA
6,4,n173,04_n173_N.jpg,0,1145,521,624,521,0,0,FA,FA
6,5,c368,05_c368_C.jpg,1,1139,579,618,579,0,1,HIT,HIT
6,6,c182,06_c182_C.jpg,1,1320,760,799,760,0,1,HIT,HIT
6,7,c149,07_c149_C.jpg,1,1233,383,712,383,0,1,HIT,HIT
6,8,c313,08_c313_C.jpg,1,1058,590,537,590,0,1,HIT,HIT
6,9,c387,09_c387_C.jpg,1,1266,412,745,412,0,1,HIT,HIT
6,10,n352,10_n352_N.jpg,0,1115,626,594,626,0,0,FA,FA
6,11,c154,11_c154_C.jpg,1,1229,557,708,557,0,1,HIT,MISS&FA
6,12,c134,12_c134_C.jpg,1,1147,412,626,412,0,1,HIT,HIT
6,13,n33,13_n33_N.jpg,0,1189,368,668,368,0,0,FA,FA
6,14,n264,14_n264_N.jpg,0,1367,637,846,637,0,0,FA,FA
6,15,c84,15_c84_C.jpg,1,1346,768,825,768,0,1,HIT,MISS&FA
6,16,n279,16_n279_N.jpg,0,903,535,382,535,0,0,FA,FA
6,17,n88,17_n88_N.jpg,0,NaN,NaN,NaN,NaN,0,1,TNEG,TNEG
6,18,c9,18_c9_C.jpg,1,1189,592,668,592,0,1,HIT,MISS&FA
6,19,n27,19_n27_N.jpg,0,1271,496,750,496,0,0,FA,FA
6,20,c384,20_c384_C.jpg,1,1012,535,491,535,0,1,HIT,MISS&FA
6,21,c266,21_c266_C.jpg,1,1177,628,656,628,0,1,HIT,HIT
6,22,c68,22_c68_C.jpg,1,1269,711,748,711,0,1,HIT,HIT
6,23,c352,23_c352_C.jpg,1,1265,643,744,643,0,1,HIT,HIT
6,24,c304,24_c304_C.jpg,1,1192,500,671,500,0,1,HIT,HIT
6,25,c284,25_c284_C.jpg,1,1335,589,814,589,0,1,HIT,MISS&FA
6,26,c43,26_c43_C.jpg,1,1009,865,488,865,0,1,HIT,MISS&FA
6,27,c310,27_c310_C.jpg,1,1255,405,734,405,0,1,HIT,MISS&FA
6,28,c174,28_c174_C.jpg,1,1215,557,694,557,0,1,HIT,MISS&FA
6,29,c228,29_c228_C.jpg,1,1122,718,601,718,0,1,HIT,HIT
6,30,c141,30_c141_C.jpg,1,1277,921,756,921,0,1,HIT,HIT
6,31,n307,31_n307_N.jpg,0,1104,577,583,577,0,0,FA,FA
6,32,n385,32_n385_N.jpg,0,NaN,NaN,NaN,NaN,0,1,TNEG,TNEG
6,33,n174,33_n174_N.jpg,0,1326,647,805,647,0,0,FA,FA
6,34,c148,34_c148_C.jpg,1,1227,397,706,397,0,1,HIT,HIT
6,35,c260,35_c260_C.jpg,1,1066,794,545,794,0,1,HIT,HIT
6,36,c469,36_c469_C.jpg,1,1244,680,723,680,0,1,HIT,HIT
6,37,c165,37_c165_C.jpg,1,1291,554,770,554,0,1,HIT,HIT
6,38,c227,38_c227_C.jpg,1,880,573,359,573,0,1,HIT,HIT
6,39,c116,39_c116_C.jpg,1,1125,477,604,477,0,1,HIT,HIT
6,40,n114,40_n114_N.jpg,0,NaN,NaN,NaN,NaN,0,1,TNEG,TNEG
6,41,c255,41_c255_C.jpg,1,1018,783,497,783,0,1,HIT,HIT
6,42,c41,42_c41_C.jpg,1,1145,546,624,546,0,1,HIT,MISS&FA
6,43,c186,43_c186_C.jpg,1,1241,524,720,524,0,1,HIT,HIT
6,44,c484,44_c484_C.jpg,1,1126,755,605,755,0,1,HIT,HIT
6,45,c101,45_c101_C.jpg,1,1308,404,787,404,0,1,HIT,MISS&FA
6,46,c372,46_c372_C.jpg,1,1358,218,837,218,0,1,HIT,HIT
6,47,c69,47_c69_C.jpg,1,1189,484,668,484,0,1,HIT,HIT
6,48,c102,48_c102_C.jpg,1,1237,736,716,736,0,1,HIT,MISS&FA
6,49,c278,49_c278_C.jpg,1,1216,887,695,887,0,1,HIT,HIT
6,50,c23,50_c23_C.jpg,1,1202,865,681,865,0,1,HIT,MISS&FA
6,51,c70,51_c70_C.jpg,1,888,698,367,698,0,1,HIT,HIT
6,52,c375R,52_c375R_C.jpg,1,1225,548,704,548,0,1,HIT,HIT
6,53,c46,53_c46_C.jpg,1,1009,534,488,534,0,1,HIT,HIT
6,54,c242,54_c242_C.jpg,1,1254,783,733,783,0,1,HIT,MISS&FA
6,55,n28,55_n28_N.jpg,0,884,711,363,711,0,0,FA,FA
6,56,c176,56_c176_C.jpg,1,1037,872,516,872,0,1,HIT,HIT
6,57,n271,57_n271_N.jpg,0,NaN,NaN,NaN,NaN,0,1,TNEG,TNEG
6,58,n260,58_n260_N.jpg,0,NaN,NaN,NaN,NaN,0,1,TNEG,TNEG
6,59,c129,59_c129_C.jpg,1,1184,513,663,513,0,1,HIT,HIT
6,60,n284,60_n284_N.jpg,0,1077,617,556,617,0,0,FA,FA
6,61,c3,61_c3_C.jpg,1,NaN,NaN,NaN,NaN,0,0,MISS,MISS
6,62,n349,62_n349_N.jpg,0,1372,738,851,738,0,0,FA,FA
6,63,c27,63_c27_C.jpg,1,1364,398,843,398,0,1,HIT,MISS&FA
6,64,c79,64_c79_C.jpg,1,1323,720,802,720,0,1,HIT,MISS&FA
6,65,c251,65_c251_C.jpg,1,886,757,365,757,0,1,HIT,MISS&FA
6,66,n374,66_n374_N.jpg,0,1325,547,804,547,0,0,FA,FA
6,67,c239,67_c239_C.jpg,1,1211,880,690,880,0,1,HIT,HIT
6,68,c378,68_c378_C.jpg,1,1345,446,824,446,0,1,HIT,HIT
6,69,c437,69_c437_C.jpg,1,1242,367,721,367,0,1,HIT,HIT
6,70,c353,70_c353_C.jpg,1,1337,727,816,727,0,1,HIT,HIT
6,71,n53,71_n53_N.jpg,0,NaN,NaN,NaN,NaN,0,1,TNEG,TNEG
6,72,c39,72_c39_C.jpg,1,1266,520,745,520,0,1,HIT,HIT
6,73,c138,73_c138_C.jpg,1,1055,929,534,929,0,1,HIT,MISS&FA
6,74,c4,74_c4_C.jpg,1,1170,824,649,824,0,1,HIT,MISS&FA
6,75,c143,75_c143_C.jpg,1,1210,202,689,202,0,1,HIT,HIT
6,76,c285,76_c285_C.jpg,1,1145,324,624,324,0,1,HIT,HIT
6,77,c14,77_c14_C.jpg,1,1276,467,755,467,0,1,HIT,HIT
6,78,n82,78_n82_N.jpg,0,NaN,NaN,NaN,NaN,0,1,TNEG,TNEG
6,79,c5,79_c5_C.jpg,1,1251,422,730,422,0,1,HIT,HIT
6,80,c336,80_c336_C.jpg,1,1332,665,811,665,0,1,HIT,HIT
8,1,c138,01_c138_C.jpg,1,978,840,457,840,0,1,HIT,MISS&FA
8,2,n374,02_n374_N.jpg,0,981,713,460,713,0,0,FA,FA
8,3,n271,03_n271_N.jpg,0,NaN,NaN,NaN,NaN,0,1,TNEG,TNEG
8,4,c469,04_c469_C.jpg,1,1282,689,761,689,0,1,HIT,HIT
8,5,c70,05_c70_C.jpg,1,878,674,357,674,0,1,HIT,HIT
8,6,c154,06_c154_C.jpg,1,1231,531,710,531,0,1,HIT,MISS&FA
8,7,c69,07_c69_C.jpg,1,NaN,NaN,NaN,NaN,0,0,MISS,MISS
8,8,c313,08_c313_C.jpg,1,1059,610,538,610,0,1,HIT,HIT
8,9,c68,09_c68_C.jpg,1,NaN,NaN,NaN,NaN,0,0,MISS,MISS
8,10,c143,10_c143_C.jpg,1,1235,209,714,209,0,1,HIT,HIT
8,11,c304,11_c304_C.jpg,1,1200,504,679,504,0,1,HIT,HIT
8,12,c368,12_c368_C.jpg,1,1118,601,597,601,0,1,HIT,HIT
8,13,n114,13_n114_N.jpg,0,NaN,NaN,NaN,NaN,0,1,TNEG,TNEG
8,14,c43,14_c43_C.jpg,1,1167,611,646,611,0,1,HIT,HIT
8,15,c284,15_c284_C.jpg,1,1178,487,657,487,0,1,HIT,MISS&FA
8,16,c227,16_c227_C.jpg,1,832,595,311,595,0,1,HIT,HIT
8,17,c186,17_c186_C.jpg,1,1228,538,707,538,0,1,HIT,HIT
8,18,n27,18_n27_N.jpg,0,NaN,NaN,NaN,NaN,0,1,TNEG,TNEG
8,19,c116,19_c116_C.jpg,1,1093,445,572,445,0,1,HIT,HIT
8,20,n349,20_n349_N.jpg,0,NaN,NaN,NaN,NaN,0,1,TNEG,TNEG
8,21,n297,21_n297_N.jpg,0,1169,487,648,487,0,0,FA,FA
8,22,n53,22_n53_N.jpg,0,NaN,NaN,NaN,NaN,0,1,TNEG,TNEG
8,23,n28,23_n28_N.jpg,0,1147,459,626,459,0,0,FA,FA
8,24,c260,24_c260_C.jpg,1,909,723,388,723,0,1,HIT,MISS&FA
8,25,n88,25_n88_N.jpg,0,NaN,NaN,NaN,NaN,0,1,TNEG,TNEG
8,26,c14,26_c14_C.jpg,1,1103,673,582,673,0,1,HIT,MISS&FA
8,27,c23,27_c23_C.jpg,1,1089,464,568,464,0,1,HIT,HIT
8,28,c4,28_c4_C.jpg,1,NaN,NaN,NaN,NaN,0,0,MISS,MISS
8,29,c174,29_c174_C.jpg,1,1337,525,816,525,0,1,HIT,HIT
8,30,c196,30_c196_C.jpg,1,1012,691,491,691,0,1,HIT,HIT
8,31,n307,31_n307_N.jpg,0,NaN,NaN,NaN,NaN,0,1,TNEG,TNEG
8,32,n33,32_n33_N.jpg,0,NaN,NaN,NaN,NaN,0,1,TNEG,TNEG
8,33,n284,33_n284_N.jpg,0,1169,661,648,661,0,0,FA,FA
8,34,c266,34_c266_C.jpg,1,1162,894,641,894,0,1,HIT,MISS&FA
8,35,n264,35_n264_N.jpg,0,1205,569,684,569,0,0,FA,FA
8,36,c242,36_c242_C.jpg,1,NaN,NaN,NaN,NaN,0,0,MISS,MISS
8,37,c148,37_c148_C.jpg,1,1238,371,717,371,0,1,HIT,HIT
8,38,c285,38_c285_C.jpg,1,1192,773,671,773,0,1,HIT,MISS&FA
8,39,c375R,39_c375R_C.jpg,1,1211,557,690,557,0,1,HIT,HIT
8,40,c79,40_c79_C.jpg,1,1241,706,720,706,0,1,HIT,HIT
8,41,c384,41_c384_C.jpg,1,1182,845,661,845,0,1,HIT,HIT
8,42,n352,42_n352_N.jpg,0,NaN,NaN,NaN,NaN,0,1,TNEG,TNEG
8,43,c484,43_c484_C.jpg,1,1144,784,623,784,0,1,HIT,HIT
8,44,c165,44_c165_C.jpg,1,1225,738,704,738,0,1,HIT,MISS&FA
8,45,c141,45_c141_C.jpg,1,1263,905,742,905,0,1,HIT,HIT
8,46,c239,46_c239_C.jpg,1,1221,880,700,880,0,1,HIT,HIT
8,47,n385,47_n385_N.jpg,0,1240,768,719,768,0,0,FA,FA
8,48,c352,48_c352_C.jpg,1,1222,639,701,639,0,1,HIT,HIT
8,49,c182,49_c182_C.jpg,1,1295,764,774,764,0,1,HIT,HIT
8,50,c336,50_c336_C.jpg,1,1321,668,800,668,0,1,HIT,HIT
8,51,c39,51_c39_C.jpg,1,1275,533,754,533,0,1,HIT,HIT
8,52,n173,52_n173_N.jpg,0,NaN,NaN,NaN,NaN,0,1,TNEG,TNEG
8,53,c310,53_c310_C.jpg,1,1264,379,743,379,0,1,HIT,MISS&FA
8,54,c437,54_c437_C.jpg,1,1212,383,691,383,0,1,HIT,HIT
8,55,c102,55_c102_C.jpg,1,1253,388,732,388,0,1,HIT,MISS&FA
8,56,n279,56_n279_N.jpg,0,NaN,NaN,NaN,NaN,0,1,TNEG,TNEG
8,57,c176,57_c176_C.jpg,1,1029,855,508,855,0,1,HIT,HIT
8,58,c129,58_c129_C.jpg,1,1208,759,687,759,0,1,HIT,MISS&FA
8,59,n174,59_n174_N.jpg,0,1217,569,696,569,0,0,FA,FA
8,60,c378,60_c378_C.jpg,1,NaN,NaN,NaN,NaN,0,0,MISS,MISS
8,61,c27,61_c27_C.jpg,1,NaN,NaN,NaN,NaN,0,0,MISS,MISS
8,62,c387,62_c387_C.jpg,1,1272,422,751,422,0,1,HIT,HIT
8,63,c255,63_c255_C.jpg,1,927,638,406,638,0,1,HIT,MISS&FA
8,64,c46,64_c46_C.jpg,1,NaN,NaN,NaN,NaN,0,0,MISS,MISS
8,65,c278,65_c278_C.jpg,1,1223,882,702,882,0,1,HIT,HIT
8,66,c251,66_c251_C.jpg,1,1141,667,620,667,0,1,HIT,MISS&FA
8,67,n260,67_n260_N.jpg,0,1094,711,573,711,0,0,FA,FA
8,68,c84,68_c84_C.jpg,1,NaN,NaN,NaN,NaN,0,0,MISS,MISS
8,69,c149,69_c149_C.jpg,1,1250,422,729,422,0,1,HIT,HIT
8,70,c353,70_c353_C.jpg,1,1342,730,821,730,0,1,HIT,HIT
8,71,c5,71_c5_C.jpg,1,1192,638,671,638,0,1,HIT,MISS&FA
8,72,c372,72_c372_C.jpg,1,1275,731,754,731,0,1,HIT,MISS&FA
8,73,c101,73_c101_C.jpg,1,1067,526,546,526,0,1,HIT,MISS&FA
8,74,c134,74_c134_C.jpg,1,1116,435,595,435,0,1,HIT,HIT
8,75,n82,75_n82_N.jpg,0,NaN,NaN,NaN,NaN,0,1,TNEG,TNEG
8,76,c9,76_c9_C.jpg,1,1338,798,817,798,0,1,HIT,HIT
8,77,c41,77_c41_C.jpg,1,1153,674,632,674,0,1,HIT,MISS&FA
8,78,c306,78_c306_C.jpg,1,NaN,NaN,NaN,NaN,0,0,MISS,MISS
8,79,c3,79_c3_C.jpg,1,NaN,NaN,NaN,NaN,0,0,MISS,MISS
8,80,c228,80_c228_C.jpg,1,1113,719,592,719,0,1,HIT,HIT
10,1,c284,01_c284_C.jpg,1,1140,677,619,677,0,1,HIT,MISS&FA
10,2,c43,02_c43_C.jpg,1,1032,523,511,523,0,1,HIT,MISS&FA
10,3,c143,03_c143_C.jpg,1,NaN,NaN,NaN,NaN,0,0,MISS,MISS
10,4,c437,04_c437_C.jpg,1,1231,371,710,371,0,1,HIT,HIT
10,5,n173,05_n173_N.jpg,0,1090,650,569,650,0,0,FA,FA
10,6,c242,06_c242_C.jpg,1,1209,481,688,481,0,1,HIT,MISS&FA
10,7,c27,07_c27_C.jpg,1,1367,819,846,819,0,1,HIT,MISS&FA
10,8,n297,08_n297_N.jpg,0,1138,542,617,542,0,0,FA,FA
10,9,c5,09_c5_C.jpg,1,1221,430,700,430,0,1,HIT,HIT
10,10,n28,10_n28_N.jpg,0,891,697,370,697,0,0,FA,FA
10,11,c9,11_c9_C.jpg,1,1190,570,669,570,0,1,HIT,MISS&FA
10,12,n284,12_n284_N.jpg,0,NaN,NaN,NaN,NaN,0,1,TNEG,TNEG
10,13,c149,13_c149_C.jpg,1,1239,400,718,400,0,1,HIT,HIT
10,14,c186,14_c186_C.jpg,1,1218,515,697,515,0,1,HIT,HIT
10,15,c23,15_c23_C.jpg,1,1101,760,580,760,0,1,HIT,MISS&FA
10,16,n260,16_n260_N.jpg,0,NaN,NaN,NaN,NaN,0,1,TNEG,TNEG
10,17,n27,17_n27_N.jpg,0,1178,814,657,814,0,0,FA,FA
10,18,c196,18_c196_C.jpg,1,993,694,472,694,0,1,HIT,HIT
10,19,c101,19_c101_C.jpg,1,1058,500,537,500,0,1,HIT,MISS&FA
10,20,c84,20_c84_C.jpg,1,1313,871,792,871,0,1,HIT,MISS&FA
10,21,n88,21_n88_N.jpg,0,NaN,NaN,NaN,NaN,0,1,TNEG,TNEG
10,22,c154,22_c154_C.jpg,1,1024,717,503,717,0,1,HIT,HIT
10,23,c278,23_c278_C.jpg,1,1216,889,695,889,0,1,HIT,HIT
10,24,c79,24_c79_C.jpg,1,1233,709,712,709,0,1,HIT,HIT
10,25,n279,25_n279_N.jpg,0,1083,588,562,588,0,0,FA,FA
10,26,c306,26_c306_C.jpg,1,1170,504,649,504,0,1,HIT,MISS&FA
10,27,c266,27_c266_C.jpg,1,1091,592,570,592,0,1,HIT,MISS&FA
10,28,c384,28_c384_C.jpg,1,1122,891,601,891,0,1,HIT,HIT
10,29,c375R,29_c375R_C.jpg,1,1201,559,680,559,0,1,HIT,HIT
10,30,c255,30_c255_C.jpg,1,1009,815,488,815,0,1,HIT,HIT
10,31,c260,31_c260_C.jpg,1,1079,785,558,785,0,1,HIT,HIT
10,32,c134,32_c134_C.jpg,1,1110,415,589,415,0,1,HIT,HIT
10,33,n33,33_n33_N.jpg,0,999,731,478,731,0,0,FA,FA
10,34,c68,34_c68_C.jpg,1,1257,711,736,711,0,1,HIT,HIT
10,35,c353,35_c353_C.jpg,1,1327,715,806,715,0,1,HIT,HIT
10,36,c336,36_c336_C.jpg,1,1279,632,758,632,0,1,HIT,HIT
10,37,c239,37_c239_C.jpg,1,1209,873,688,873,0,1,HIT,HIT
10,38,c285,38_c285_C.jpg,1,1133,650,612,650,0,1,HIT,MISS&FA
10,39,n374,39_n374_N.jpg,0,987,735,466,735,0,0,FA,FA
10,40,c176,40_c176_C.jpg,1,1016,849,495,849,0,1,HIT,HIT
10,41,n349,41_n349_N.jpg,0,1016,561,495,561,0,0,FA,FA
10,42,c227,42_c227_C.jpg,1,839,597,318,597,0,1,HIT,HIT
10,43,n114,43_n114_N.jpg,0,1182,410,661,410,0,0,FA,FA
10,44,n352,44_n352_N.jpg,0,1099,625,578,625,0,0,FA,FA
10,45,c14,45_c14_C.jpg,1,1249,461,728,461,0,1,HIT,HIT
10,46,c228,46_c228_C.jpg,1,1118,733,597,733,0,1,HIT,HIT
10,47,c148,47_c148_C.jpg,1,1230,359,709,359,0,1,HIT,HIT
10,48,c469,48_c469_C.jpg,1,1285,695,764,695,0,1,HIT,HIT
10,49,c182,49_c182_C.jpg,1,1284,741,763,741,0,1,HIT,HIT
10,50,n271,50_n271_N.jpg,0,1278,663,757,663,0,0,FA,FA
10,51,c251,51_c251_C.jpg,1,867,737,346,737,0,1,HIT,MISS&FA
10,52,c484,52_c484_C.jpg,1,1149,767,628,767,0,1,HIT,HIT
10,53,n385,53_n385_N.jpg,0,1237,749,716,749,0,0,FA,FA
10,54,c368,54_c368_C.jpg,1,1122,595,601,595,0,1,HIT,HIT
10,55,c70,55_c70_C.jpg,1,881,689,360,689,0,1,HIT,HIT
10,56,c387,56_c387_C.jpg,1,1269,383,748,383,0,1,HIT,HIT
10,57,c304,57_c304_C.jpg,1,1197,472,676,472,0,1,HIT,HIT
10,58,n264,58_n264_N.jpg,0,1117,557,596,557,0,0,FA,FA
10,59,c69,59_c69_C.jpg,1,1042,622,521,622,0,1,HIT,MISS&FA
10,60,c372,60_c372_C.jpg,1,1239,754,718,754,0,1,HIT,MISS&FA
10,61,c46,61_c46_C.jpg,1,992,539,471,539,0,1,HIT,HIT
10,62,c3,62_c3_C.jpg,1,NaN,NaN,NaN,NaN,0,0,MISS,MISS
10,63,c310,63_c310_C.jpg,1,1293,723,772,723,0,1,HIT,MISS&FA
10,64,c313,64_c313_C.jpg,1,1120,714,599,714,0,1,HIT,MISS&FA
10,65,c141,65_c141_C.jpg,1,1271,899,750,899,0,1,HIT,HIT
10,66,c165,66_c165_C.jpg,1,1290,555,769,555,0,1,HIT,HIT
10,67,n174,67_n174_N.jpg,0,1316,650,795,650,0,0,FA,FA
10,68,c129,68_c129_C.jpg,1,1172,520,651,520,0,1,HIT,HIT
10,69,c138,69_c138_C.jpg,1,997,869,476,869,0,1,HIT,MISS&FA
10,70,n53,70_n53_N.jpg,0,1063,471,542,471,0,0,FA,FA
10,71,n82,71_n82_N.jpg,0,1186,559,665,559,0,0,FA,FA
10,72,c4,72_c4_C.jpg,1,1129,689,608,689,0,1,HIT,HIT
10,73,c39,73_c39_C.jpg,1,1261,529,740,529,0,1,HIT,HIT
10,74,c352,74_c352_C.jpg,1,1242,642,721,642,0,1,HIT,HIT
10,75,c102,75_c102_C.jpg,1,1209,509,688,509,0,1,HIT,MISS&FA
10,76,c378,76_c378_C.jpg,1,1315,436,794,436,0,1,HIT,HIT
10,77,c174,77_c174_C.jpg,1,1219,504,698,504,0,1,HIT,MISS&FA
10,78,c116,78_c116_C.jpg,1,1114,434,593,434,0,1,HIT,HIT
10,79,n307,79_n307_N.jpg,0,1099,574,578,574,0,0,FA,FA
10,80,c41,80_c41_C.jpg,1,1075,744,554,744,0,1,HIT,MISS&FA
11,1,c182,01_c182_C.jpg,1,1306,760,785,760,0,1,HIT,HIT
11,2,c255,02_c255_C.jpg,1,1018,806,497,806,0,1,HIT,HIT
11,3,c70,03_c70_C.jpg,1,896,695,375,695,0,1,HIT,HIT
11,4,c129,04_c129_C.jpg,1,1162,509,641,509,0,1,HIT,HIT
11,5,c174,05_c174_C.jpg,1,1332,539,811,539,0,1,HIT,HIT
11,6,c306,06_c306_C.jpg,1,NaN,NaN,NaN,NaN,0,0,MISS,MISS
11,7,c313,07_c313_C.jpg,1,1042,588,521,588,0,1,HIT,HIT
11,8,c27,08_c27_C.jpg,1,1378,829,857,829,0,1,HIT,MISS&FA
11,9,c176,09_c176_C.jpg,1,1032,855,511,855,0,1,HIT,HIT
11,10,c5,10_c5_C.jpg,1,NaN,NaN,NaN,NaN,0,0,MISS,MISS
11,11,c134,11_c134_C.jpg,1,1126,416,605,416,0,1,HIT,HIT
11,12,n114,12_n114_N.jpg,0,NaN,NaN,NaN,NaN,0,1,TNEG,TNEG
11,13,c101,13_c101_C.jpg,1,1166,575,645,575,0,1,HIT,HIT
11,14,c196,14_c196_C.jpg,1,1013,694,492,694,0,1,HIT,HIT
11,15,c138,15_c138_C.jpg,1,NaN,NaN,NaN,NaN,0,0,MISS,MISS
11,16,c165,16_c165_C.jpg,1,1295,537,774,537,0,1,HIT,HIT
11,17,n284,17_n284_N.jpg,0,NaN,NaN,NaN,NaN,0,1,TNEG,TNEG
11,18,c149,18_c149_C.jpg,1,1239,428,718,428,0,1,HIT,HIT
11,19,n385,19_n385_N.jpg,0,1089,403,568,403,0,0,FA,FA
11,20,n271,20_n271_N.jpg,0,1235,810,714,810,0,0,FA,FA
11,21,c143,21_c143_C.jpg,1,1131,571,610,571,0,1,HIT,MISS&FA
11,22,c102,22_c102_C.jpg,1,1226,770,705,770,0,1,HIT,MISS&FA
11,23,c9,23_c9_C.jpg,1,NaN,NaN,NaN,NaN,0,0,MISS,MISS
11,24,c228,24_c228_C.jpg,1,1109,756,588,756,0,1,HIT,HIT
11,25,c387,25_c387_C.jpg,1,1279,413,758,413,0,1,HIT,HIT
11,26,c242,26_c242_C.jpg,1,1269,782,748,782,0,1,HIT,MISS&FA
11,27,n88,27_n88_N.jpg,0,NaN,NaN,NaN,NaN,0,1,TNEG,TNEG
11,28,c353,28_c353_C.jpg,1,1352,731,831,731,0,1,HIT,HIT
11,29,n28,29_n28_N.jpg,0,893,707,372,707,0,0,FA,FA
11,30,c154,30_c154_C.jpg,1,1228,545,707,545,0,1,HIT,MISS&FA
11,31,n173,31_n173_N.jpg,0,NaN,NaN,NaN,NaN,0,1,TNEG,TNEG
11,32,n174,32_n174_N.jpg,0,1232,542,711,542,0,0,FA,FA
11,33,n352,33_n352_N.jpg,0,NaN,NaN,NaN,NaN,0,1,TNEG,TNEG
11,34,c69,34_c69_C.jpg,1,1180,474,659,474,0,1,HIT,HIT
11,35,c378,35_c378_C.jpg,1,1300,427,779,427,0,1,HIT,HIT
11,36,c384,36_c384_C.jpg,1,1151,863,630,863,0,1,HIT,HIT
11,37,c46,37_c46_C.jpg,1,999,548,478,548,0,1,HIT,HIT
11,38,n260,38_n260_N.jpg,0,NaN,NaN,NaN,NaN,0,1,TNEG,TNEG
11,39,c79,39_c79_C.jpg,1,1229,720,708,720,0,1,HIT,HIT
11,40,c186,40_c186_C.jpg,1,1214,500,693,500,0,1,HIT,HIT
11,41,c310,41_c310_C.jpg,1,NaN,NaN,NaN,NaN,0,0,MISS,MISS
11,42,n264,42_n264_N.jpg,0,NaN,NaN,NaN,NaN,0,1,TNEG,TNEG
11,43,c68,43_c68_C.jpg,1,1253,713,732,713,0,1,HIT,HIT
11,44,n349,44_n349_N.jpg,0,NaN,NaN,NaN,NaN,0,1,TNEG,TNEG
11,45,c437,45_c437_C.jpg,1,1210,360,689,360,0,1,HIT,HIT
11,46,n279,46_n279_N.jpg,0,NaN,NaN,NaN,NaN,0,1,TNEG,TNEG
11,47,n307,47_n307_N.jpg,0,NaN,NaN,NaN,NaN,0,1,TNEG,TNEG
11,48,c304,48_c304_C.jpg,1,1198,505,677,505,0,1,HIT,HIT
11,49,c239,49_c239_C.jpg,1,1224,866,703,866,0,1,HIT,HIT
11,50,c41,50_c41_C.jpg,1,1051,400,530,400,0,1,HIT,HIT
11,51,c3,51_c3_C.jpg,1,NaN,NaN,NaN,NaN,0,0,MISS,MISS
11,52,c23,52_c23_C.jpg,1,1076,478,555,478,0,1,HIT,HIT
11,53,c251,53_c251_C.jpg,1,1270,286,749,286,0,1,HIT,HIT
11,54,c260,54_c260_C.jpg,1,913,695,392,695,0,1,HIT,MISS&FA
11,55,n297,55_n297_N.jpg,0,NaN,NaN,NaN,NaN,0,1,TNEG,TNEG
11,56,c84,56_c84_C.jpg,1,NaN,NaN,NaN,NaN,0,0,MISS,MISS
11,57,c116,57_c116_C.jpg,1,1108,452,587,452,0,1,HIT,HIT
11,58,n27,58_n27_N.jpg,0,1267,511,746,511,0,0,FA,FA
11,59,c368,59_c368_C.jpg,1,1125,575,604,575,0,1,HIT,HIT
11,60,c148,60_c148_C.jpg,1,1237,371,716,371,0,1,HIT,HIT
11,61,c43,61_c43_C.jpg,1,NaN,NaN,NaN,NaN,0,0,MISS,MISS
11,62,c278,62_c278_C.jpg,1,NaN,NaN,NaN,NaN,0,0,MISS,MISS
11,63,c39,63_c39_C.jpg,1,1276,539,755,539,0,1,HIT,HIT
11,64,c284,64_c284_C.jpg,1,1200,458,679,458,0,1,HIT,MISS&FA
11,65,c227,65_c227_C.jpg,1,842,592,321,592,0,1,HIT,HIT
11,66,c375R,66_c375R_C.jpg,1,1210,565,689,565,0,1,HIT,HIT
11,67,c141,67_c141_C.jpg,1,1267,915,746,915,0,1,HIT,HIT
11,68,c372,68_c372_C.jpg,1,NaN,NaN,NaN,NaN,0,0,MISS,MISS
11,69,n82,69_n82_N.jpg,0,1125,566,604,566,0,0,FA,FA
11,70,c469,70_c469_C.jpg,1,1164,480,643,480,0,1,HIT,MISS&FA
11,71,c4,71_c4_C.jpg,1,NaN,NaN,NaN,NaN,0,0,MISS,MISS
11,72,c336,72_c336_C.jpg,1,1283,634,762,634,0,1,HIT,HIT
11,73,n53,73_n53_N.jpg,0,NaN,NaN,NaN,NaN,0,1,TNEG,TNEG
11,74,n374,74_n374_N.jpg,0,NaN,NaN,NaN,NaN,0,1,TNEG,TNEG
11,75,c352,75_c352_C.jpg,1,1246,603,725,603,0,1,HIT,HIT
11,76,c14,76_c14_C.jpg,1,1248,462,727,462,0,1,HIT,HIT
11,77,n33,77_n33_N.jpg,0,NaN,NaN,NaN,NaN,0,1,TNEG,TNEG
11,78,c484,78_c484_C.jpg,1,1156,753,635,753,0,1,HIT,HIT
11,79,c266,79_c266_C.jpg,1,1104,581,583,581,0,1,HIT,MISS&FA
11,80,c285,80_c285_C.jpg,1,NaN,NaN,NaN,NaN,0,0,MISS,MISS
12,1,c284,01_c284_C.jpg,1,1141,682,620,682,0,1,HIT,MISS&FA
12,2,c227,02_c227_C.jpg,1,850,616,329,616,0,1,HIT,HIT
12,3,c138,03_c138_C.jpg,1,985,855,464,855,0,1,HIT,MISS&FA
12,4,c154,04_c154_C.jpg,1,1030,731,509,731,0,1,HIT,HIT
12,5,n260,05_n260_N.jpg,0,1387,155,866,155,0,0,FA,FA
12,6,c484,06_c484_C.jpg,1,1254,523,733,523,0,1,HIT,MISS&FA
12,7,n264,07_n264_N.jpg,0,1365,170,844,170,0,0,FA,FA
12,8,c69,08_c69_C.jpg,1,1188,496,667,496,0,1,HIT,HIT
12,9,c378,09_c378_C.jpg,1,1320,450,799,450,0,1,HIT,HIT
12,10,c255,10_c255_C.jpg,1,1035,662,514,662,0,1,HIT,MISS&FA
12,11,c353,11_c353_C.jpg,1,1337,727,816,727,0,1,HIT,HIT
12,12,c251,12_c251_C.jpg,1,1252,260,731,260,0,1,HIT,HIT
12,13,c352,13_c352_C.jpg,1,1231,635,710,635,0,1,HIT,HIT
12,14,n114,14_n114_N.jpg,0,NaN,NaN,NaN,NaN,0,1,TNEG,TNEG
12,15,c182,15_c182_C.jpg,1,1278,756,757,756,0,1,HIT,HIT
12,16,c102,16_c102_C.jpg,1,NaN,NaN,NaN,NaN,0,0,MISS,MISS
12,17,c149,17_c149_C.jpg,1,1128,624,607,624,0,1,HIT,MISS&FA
12,18,n279,18_n279_N.jpg,0,1078,909,557,909,0,0,FA,FA
12,19,n271,19_n271_N.jpg,0,NaN,NaN,NaN,NaN,0,1,TNEG,TNEG
12,20,n174,20_n174_N.jpg,0,1228,595,707,595,0,0,FA,FA
12,21,n33,21_n33_N.jpg,0,1196,356,675,356,0,0,FA,FA
12,22,c239,22_c239_C.jpg,1,1227,867,706,867,0,1,HIT,HIT
12,23,c174,23_c174_C.jpg,1,1220,520,699,520,0,1,HIT,MISS&FA
12,24,c313,24_c313_C.jpg,1,1065,583,544,583,0,1,HIT,HIT
12,25,c278,25_c278_C.jpg,1,1204,889,683,889,0,1,HIT,HIT
12,26,c368,26_c368_C.jpg,1,1118,589,597,589,0,1,HIT,HIT
12,27,c79,27_c79_C.jpg,1,1243,713,722,713,0,1,HIT,HIT
12,28,n349,28_n349_N.jpg,0,1251,773,730,773,0,0,FA,FA
12,29,c336,29_c336_C.jpg,1,1307,679,786,679,0,1,HIT,HIT
12,30,c3,30_c3_C.jpg,1,1353,147,832,147,0,1,HIT,MISS&FA
12,31,n374,31_n374_N.jpg,0,994,735,473,735,0,0,FA,FA
12,32,n27,32_n27_N.jpg,0,1276,511,755,511,0,0,FA,FA
12,33,n28,33_n28_N.jpg,0,903,697,382,697,0,0,FA,FA
12,34,n88,34_n88_N.jpg,0,1195,142,674,142,0,0,FA,FA
12,35,c375R,35_c375R_C.jpg,1,1193,549,672,549,0,1,HIT,HIT
12,36,c46,36_c46_C.jpg,1,1008,531,487,531,0,1,HIT,HIT
12,37,n173,37_n173_N.jpg,0,1075,628,554,628,0,0,FA,FA
12,38,c469,38_c469_C.jpg,1,1291,696,770,696,0,1,HIT,HIT
12,39,c266,39_c266_C.jpg,1,1098,586,577,586,0,1,HIT,MISS&FA
12,40,c228,40_c228_C.jpg,1,986,641,465,641,0,1,HIT,MISS&FA
12,41,c196,41_c196_C.jpg,1,1010,691,489,691,0,1,HIT,HIT
12,42,c384,42_c384_C.jpg,1,1149,850,628,850,0,1,HIT,HIT
12,43,c165,43_c165_C.jpg,1,1293,560,772,560,0,1,HIT,HIT
12,44,c387,44_c387_C.jpg,1,1260,401,739,401,0,1,HIT,HIT
12,45,c68,45_c68_C.jpg,1,1236,707,715,707,0,1,HIT,HIT
12,46,n352,46_n352_N.jpg,0,1084,620,563,620,0,0,FA,FA
12,47,c116,47_c116_C.jpg,1,1105,437,584,437,0,1,HIT,HIT
12,48,c310,48_c310_C.jpg,1,1242,419,721,419,0,1,HIT,MISS&FA
12,49,c141,49_c141_C.jpg,1,1000,602,479,602,0,1,HIT,MISS&FA
12,50,c101,50_c101_C.jpg,1,1296,422,775,422,0,1,HIT,MISS&FA
12,51,n53,51_n53_N.jpg,0,1013,526,492,526,0,0,FA,FA
12,52,c4,52_c4_C.jpg,1,1161,807,640,807,0,1,HIT,MISS&FA
12,53,c5,53_c5_C.jpg,1,1179,638,658,638,0,1,HIT,MISS&FA
12,54,c285,54_c285_C.jpg,1,1151,330,630,330,0,1,HIT,HIT
12,55,c39,55_c39_C.jpg,1,1252,559,731,559,0,1,HIT,HIT
12,56,c41,56_c41_C.jpg,1,1063,381,542,381,0,1,HIT,HIT
12,57,c437,57_c437_C.jpg,1,1232,352,711,352,0,1,HIT,HIT
12,58,c304,58_c304_C.jpg,1,1190,495,669,495,0,1,HIT,HIT
12,59,c242,59_c242_C.jpg,1,1261,776,740,776,0,1,HIT,MISS&FA
12,60,n307,60_n307_N.jpg,0,1094,581,573,581,0,0,FA,FA
12,61,c186,61_c186_C.jpg,1,1230,511,709,511,0,1,HIT,HIT
12,62,c176,62_c176_C.jpg,1,1006,853,485,853,0,1,HIT,HIT
12,63,c129,63_c129_C.jpg,1,1183,499,662,499,0,1,HIT,HIT
12,64,c134,64_c134_C.jpg,1,1122,428,601,428,0,1,HIT,HIT
12,65,c70,65_c70_C.jpg,1,890,691,369,691,0,1,HIT,HIT
12,66,n82,66_n82_N.jpg,0,1127,579,606,579,0,0,FA,FA
12,67,c148,67_c148_C.jpg,1,1230,378,709,378,0,1,HIT,HIT
12,68,c14,68_c14_C.jpg,1,1247,482,726,482,0,1,HIT,HIT
12,69,c23,69_c23_C.jpg,1,923,686,402,686,0,1,HIT,MISS&FA
12,70,c372,70_c372_C.jpg,1,1153,721,632,721,0,1,HIT,MISS&FA
12,71,c143,71_c143_C.jpg,1,1244,200,723,200,0,1,HIT,HIT
12,72,c84,72_c84_C.jpg,1,1304,103,783,103,0,1,HIT,HIT
12,73,n284,73_n284_N.jpg,0,1169,624,648,624,0,0,FA,FA
12,74,c43,74_c43_C.jpg,1,1039,541,518,541,0,1,HIT,MISS&FA
12,75,c306,75_c306_C.jpg,1,1274,454,753,454,0,1,HIT,MISS&FA
12,76,c260,76_c260_C.jpg,1,1077,793,556,793,0,1,HIT,HIT
12,77,n385,77_n385_N.jpg,0,NaN,NaN,NaN,NaN,0,1,TNEG,TNEG
12,78,n297,78_n297_N.jpg,0,1158,461,637,461,0,0,FA,FA
12,79,c9,79_c9_C.jpg,1,1175,580,654,580,0,1,HIT,MISS&FA
12,80,c27,80_c27_C.jpg,1,1389,802,868,802,0,1,HIT,MISS&FA
16,1,c336,01_c336_C.jpg,1,1278,634,757,634,0,1,HIT,HIT
16,2,c134,02_c134_C.jpg,1,1112,423,591,423,0,1,HIT,HIT
16,3,c278,03_c278_C.jpg,1,1215,879,694,879,0,1,HIT,HIT
16,4,c196,04_c196_C.jpg,1,1000,685,479,685,0,1,HIT,HIT
16,5,c469,05_c469_C.jpg,1,1267,705,746,705,0,1,HIT,HIT
16,6,c239,06_c239_C.jpg,1,1204,865,683,865,0,1,HIT,HIT
16,7,c304,07_c304_C.jpg,1,1148,605,627,605,0,1,HIT,MISS&FA
16,8,n385,08_n385_N.jpg,0,1232,757,711,757,0,0,FA,FA
16,9,c372,09_c372_C.jpg,1,1143,658,622,658,0,1,HIT,MISS&FA
16,10,c368,10_c368_C.jpg,1,1117,569,596,569,0,1,HIT,HIT
16,11,n33,11_n33_N.jpg,0,1209,365,688,365,0,0,FA,FA
16,12,c41,12_c41_C.jpg,1,1070,640,549,640,0,1,HIT,MISS&FA
16,13,c46,13_c46_C.jpg,1,1005,512,484,512,0,1,HIT,HIT
16,14,c14,14_c14_C.jpg,1,1252,466,731,466,0,1,HIT,HIT
16,15,c255,15_c255_C.jpg,1,1002,808,481,808,0,1,HIT,HIT
16,16,c285,16_c285_C.jpg,1,1135,331,614,331,0,1,HIT,HIT
16,17,c70,17_c70_C.jpg,1,876,690,355,690,0,1,HIT,HIT
16,18,c5,18_c5_C.jpg,1,1046,541,525,541,0,1,HIT,MISS&FA
16,19,n82,19_n82_N.jpg,0,NaN,NaN,NaN,NaN,0,1,TNEG,TNEG
16,20,c27,20_c27_C.jpg,1,NaN,NaN,NaN,NaN,0,0,MISS,MISS
16,21,n173,21_n173_N.jpg,0,1155,499,634,499,0,0,FA,FA
16,22,c165,22_c165_C.jpg,1,1303,562,782,562,0,1,HIT,HIT
16,23,c116,23_c116_C.jpg,1,1109,474,588,474,0,1,HIT,HIT
16,24,c68,24_c68_C.jpg,1,1259,725,738,725,0,1,HIT,HIT
16,25,c266,25_c266_C.jpg,1,1191,602,670,602,0,1,HIT,HIT
16,26,n88,26_n88_N.jpg,0,NaN,NaN,NaN,NaN,0,1,TNEG,TNEG
16,27,c79,27_c79_C.jpg,1,1218,727,697,727,0,1,HIT,HIT
16,28,c149,28_c149_C.jpg,1,1265,425,744,425,0,1,HIT,HIT
16,29,n307,29_n307_N.jpg,0,1357,191,836,191,0,0,FA,FA
16,30,c43,30_c43_C.jpg,1,1096,738,575,738,0,1,HIT,MISS&FA
16,31,c228,31_c228_C.jpg,1,1116,741,595,741,0,1,HIT,HIT
16,32,c387,32_c387_C.jpg,1,1252,409,731,409,0,1,HIT,HIT
16,33,c143,33_c143_C.jpg,1,1242,228,721,228,0,1,HIT,HIT
16,34,c251,34_c251_C.jpg,1,1301,292,780,292,0,1,HIT,HIT
16,35,n284,35_n284_N.jpg,0,NaN,NaN,NaN,NaN,0,1,TNEG,TNEG
16,36,n114,36_n114_N.jpg,0,NaN,NaN,NaN,NaN,0,1,TNEG,TNEG
16,37,n27,37_n27_N.jpg,0,1174,680,653,680,0,0,FA,FA
16,38,c154,38_c154_C.jpg,1,1223,533,702,533,0,1,HIT,MISS&FA
16,39,n264,39_n264_N.jpg,0,1376,623,855,623,0,0,FA,FA
16,40,c375R,40_c375R_C.jpg,1,1213,548,692,548,0,1,HIT,HIT
16,41,c69,41_c69_C.jpg,1,1182,478,661,478,0,1,HIT,HIT
16,42,n28,42_n28_N.jpg,0,892,736,371,736,0,0,FA,FA
16,43,c4,43_c4_C.jpg,1,NaN,NaN,NaN,NaN,0,0,MISS,MISS
16,44,c484,44_c484_C.jpg,1,1248,520,727,520,0,1,HIT,MISS&FA
16,45,c260,45_c260_C.jpg,1,1091,802,570,802,0,1,HIT,HIT
16,46,c141,46_c141_C.jpg,1,1275,898,754,898,0,1,HIT,HIT
16,47,c306,47_c306_C.jpg,1,1276,461,755,461,0,1,HIT,MISS&FA
16,48,c384,48_c384_C.jpg,1,957,889,436,889,0,1,HIT,MISS&FA
16,49,c352,49_c352_C.jpg,1,1226,645,705,645,0,1,HIT,HIT
16,50,c182,50_c182_C.jpg,1,1294,761,773,761,0,1,HIT,HIT
16,51,c284,51_c284_C.jpg,1,1323,597,802,597,0,1,HIT,MISS&FA
16,52,n352,52_n352_N.jpg,0,1189,819,668,819,0,0,FA,FA
16,53,c353,53_c353_C.jpg,1,1322,723,801,723,0,1,HIT,HIT
16,54,c148,54_c148_C.jpg,1,1216,388,695,388,0,1,HIT,HIT
16,55,c23,55_c23_C.jpg,1,1207,843,686,843,0,1,HIT,MISS&FA
16,56,c176,56_c176_C.jpg,1,1040,844,519,844,0,1,HIT,HIT
16,57,c310,57_c310_C.jpg,1,1312,663,791,663,0,1,HIT,MISS&FA
16,58,c378,58_c378_C.jpg,1,1291,425,770,425,0,1,HIT,HIT
16,59,n297,59_n297_N.jpg,0,1170,488,649,488,0,0,FA,FA
16,60,c101,60_c101_C.jpg,1,1315,413,794,413,0,1,HIT,MISS&FA
16,61,c313,61_c313_C.jpg,1,1071,593,550,593,0,1,HIT,HIT
16,62,c174,62_c174_C.jpg,1,1312,548,791,548,0,1,HIT,HIT
16,63,c129,63_c129_C.jpg,1,1157,525,636,525,0,1,HIT,HIT
16,64,n53,64_n53_N.jpg,0,NaN,NaN,NaN,NaN,0,1,TNEG,TNEG
16,65,n271,65_n271_N.jpg,0,NaN,NaN,NaN,NaN,0,1,FA,TNEG
16,66,n374,66_n374_N.jpg,0,NaN,NaN,NaN,NaN,0,1,TNEG,TNEG
16,67,n260,67_n260_N.jpg,0,NaN,NaN,NaN,NaN,0,1,TNEG,TNEG
16,68,c9,68_c9_C.jpg,1,1345,803,824,803,0,1,HIT,HIT
16,69,c437,69_c437_C.jpg,1,1211,379,690,379,0,1,HIT,HIT
16,70,n279,70_n279_N.jpg,0,1079,608,558,608,0,0,FA,FA
16,71,c186,71_c186_C.jpg,1,1235,527,714,527,0,1,HIT,HIT
16,72,c242,72_c242_C.jpg,1,1266,792,745,792,0,1,HIT,MISS&FA
16,73,n349,73_n349_N.jpg,0,1181,672,660,672,0,0,FA,FA
16,74,c227,74_c227_C.jpg,1,853,594,332,594,0,1,HIT,HIT
16,75,n174,75_n174_N.jpg,0,1227,561,706,561,0,0,FA,FA
16,76,c138,76_c138_C.jpg,1,988,901,467,901,0,1,HIT,MISS&FA
16,77,c84,77_c84_C.jpg,1,1298,863,777,863,0,1,HIT,MISS&FA
16,78,c3,78_c3_C.jpg,1,NaN,NaN,NaN,NaN,0,0,MISS,MISS
16,79,c39,79_c39_C.jpg,1,1271,526,750,526,0,1,HIT,HIT
16,80,c102,80_c102_C.jpg,1,NaN,NaN,NaN,NaN,0,0,MISS,MISS
17,1,c306,01_c306_C.jpg,1,NaN,NaN,NaN,NaN,0,0,HIT,MISS
17,2,c304,02_c304_C.jpg,1,1190,508,669,508,0,1,HIT,HIT
17,3,c69,03_c69_C.jpg,1,1179,491,658,491,0,1,HIT,HIT
17,4,c336,04_c336_C.jpg,1,NaN,NaN,NaN,NaN,0,0,MISS,MISS
17,5,c46,05_c46_C.jpg,1,1004,536,483,536,0,1,HIT,HIT
17,6,n53,06_n53_N.jpg,0,NaN,NaN,NaN,NaN,0,1,TNEG,TNEG
17,7,c4,07_c4_C.jpg,1,NaN,NaN,NaN,NaN,0,0,MISS,MISS
17,8,n82,08_n82_N.jpg,0,NaN,NaN,NaN,NaN,0,1,TNEG,TNEG
17,9,n28,09_n28_N.jpg,0,903,707,382,707,0,0,FA,FA
17,10,c27,10_c27_C.jpg,1,1389,816,868,816,0,1,HIT,MISS&FA
17,11,c154,11_c154_C.jpg,1,1023,716,502,716,0,1,HIT,HIT
17,12,c143,12_c143_C.jpg,1,1225,191,704,191,0,1,HIT,HIT
17,13,c378,13_c378_C.jpg,1,1310,439,789,439,0,1,HIT,HIT
17,14,c368,14_c368_C.jpg,1,1126,586,605,586,0,1,HIT,HIT
17,15,c129,15_c129_C.jpg,1,1174,529,653,529,0,1,HIT,HIT
17,16,c134,16_c134_C.jpg,1,NaN,NaN,NaN,NaN,0,0,MISS,MISS
17,17,c23,17_c23_C.jpg,1,NaN,NaN,NaN,NaN,0,0,MISS,MISS
17,18,c266,18_c266_C.jpg,1,NaN,NaN,NaN,NaN,0,0,MISS,MISS
17,19,c70,19_c70_C.jpg,1,888,675,367,675,0,1,HIT,HIT
17,20,n284,20_n284_N.jpg,0,NaN,NaN,NaN,NaN,0,1,TNEG,TNEG
17,21,c310,21_c310_C.jpg,1,NaN,NaN,NaN,NaN,0,0,null,znull
17,22,n264,22_n264_N.jpg,0,NaN,NaN,NaN,NaN,0,1,TNEG,TNEG
17,23,c227,23_c227_C.jpg,1,863,602,342,602,0,1,HIT,HIT
17,24,c9,24_c9_C.jpg,1,NaN,NaN,NaN,NaN,0,0,MISS,MISS
17,25,c3,25_c3_C.jpg,1,NaN,NaN,NaN,NaN,0,0,MISS,MISS
17,26,c68,26_c68_C.jpg,1,NaN,NaN,NaN,NaN,0,0,MISS,MISS
17,27,n27,27_n27_N.jpg,0,1276,491,755,491,0,0,FA,FA
17,28,c196,28_c196_C.jpg,1,1009,687,488,687,0,1,HIT,HIT
17,29,c79,29_c79_C.jpg,1,1234,695,713,695,0,1,HIT,HIT
17,30,c251,30_c251_C.jpg,1,NaN,NaN,NaN,NaN,0,0,MISS,MISS
17,31,c353,31_c353_C.jpg,1,1329,703,808,703,0,1,HIT,HIT
17,32,n352,32_n352_N.jpg,0,NaN,NaN,NaN,NaN,0,1,TNEG,TNEG
17,33,c484,33_c484_C.jpg,1,1144,744,623,744,0,1,HIT,HIT
17,34,n307,34_n307_N.jpg,0,NaN,NaN,NaN,NaN,0,1,TNEG,TNEG
17,35,c372,35_c372_C.jpg,1,NaN,NaN,NaN,NaN,0,0,MISS,MISS
17,36,c182,36_c182_C.jpg,1,1294,777,773,777,0,1,HIT,HIT
17,37,c437,37_c437_C.jpg,1,1222,340,701,340,0,1,HIT,HIT
17,38,c228,38_c228_C.jpg,1,1104,719,583,719,0,1,HIT,HIT
17,39,c84,39_c84_C.jpg,1,NaN,NaN,NaN,NaN,0,0,MISS,MISS
17,40,c313,40_c313_C.jpg,1,1045,579,524,579,0,1,HIT,HIT
17,41,n114,41_n114_N.jpg,0,NaN,NaN,NaN,NaN,0,1,TNEG,TNEG
17,42,c101,42_c101_C.jpg,1,1168,546,647,546,0,1,HIT,HIT
17,43,c469,43_c469_C.jpg,1,1274,685,753,685,0,1,HIT,HIT
17,44,c102,44_c102_C.jpg,1,1230,759,709,759,0,1,HIT,MISS&FA
17,45,c148,45_c148_C.jpg,1,1252,359,731,359,0,1,HIT,HIT
17,46,c165,46_c165_C.jpg,1,1295,553,774,553,0,1,HIT,HIT
17,47,c138,47_c138_C.jpg,1,1020,882,499,882,0,1,HIT,MISS&FA
17,48,c239,48_c239_C.jpg,1,1240,877,719,877,0,1,HIT,HIT
17,49,n174,49_n174_N.jpg,0,NaN,NaN,NaN,NaN,0,1,TNEG,TNEG
17,50,n271,50_n271_N.jpg,0,NaN,NaN,NaN,NaN,0,1,TNEG,TNEG
17,51,c387,51_c387_C.jpg,1,NaN,NaN,NaN,NaN,0,0,MISS,MISS
17,52,c43,52_c43_C.jpg,1,1036,526,515,526,0,1,HIT,MISS&FA
17,53,c285,53_c285_C.jpg,1,1223,759,702,759,0,1,HIT,MISS&FA
17,54,c14,54_c14_C.jpg,1,1267,469,746,469,0,1,HIT,HIT
17,55,c186,55_c186_C.jpg,1,1231,511,710,511,0,1,HIT,HIT
17,56,c141,56_c141_C.jpg,1,1281,906,760,906,0,1,HIT,HIT
17,57,c39,57_c39_C.jpg,1,1292,538,771,538,0,1,HIT,HIT
17,58,c375R,58_c375R_C.jpg,1,1219,555,698,555,0,1,null,znull
17,59,c174,59_c174_C.jpg,1,1344,513,823,513,0,1,HIT,HIT
17,60,n349,60_n349_N.jpg,0,NaN,NaN,NaN,NaN,0,1,TNEG,TNEG
17,61,n297,61_n297_N.jpg,0,NaN,NaN,NaN,NaN,0,1,TNEG,TNEG
17,62,c5,62_c5_C.jpg,1,1245,421,724,421,0,1,HIT,HIT
17,63,n279,63_n279_N.jpg,0,NaN,NaN,NaN,NaN,0,1,TNEG,TNEG
17,64,n374,64_n374_N.jpg,0,NaN,NaN,NaN,NaN,0,1,TNEG,TNEG
17,65,n173,65_n173_N.jpg,0,NaN,NaN,NaN,NaN,0,1,TNEG,TNEG
17,66,c116,66_c116_C.jpg,1,1106,449,585,449,0,1,null,znull
17,67,c176,67_c176_C.jpg,1,1014,864,493,864,0,1,HIT,HIT
17,68,c242,68_c242_C.jpg,1,1165,559,644,559,0,1,HIT,MISS&FA
17,69,c260,69_c260_C.jpg,1,1096,788,575,788,0,1,HIT,HIT
17,70,c41,70_c41_C.jpg,1,NaN,NaN,NaN,NaN,0,0,MISS,MISS
17,71,n88,71_n88_N.jpg,0,NaN,NaN,NaN,NaN,0,1,TNEG,TNEG
17,72,c255,72_c255_C.jpg,1,1020,812,499,812,0,1,HIT,HIT
17,73,n260,73_n260_N.jpg,0,NaN,NaN,NaN,NaN,0,1,TNEG,TNEG
17,74,c278,74_c278_C.jpg,1,NaN,NaN,NaN,NaN,0,0,MISS,MISS
17,75,c384,75_c384_C.jpg,1,1153,871,632,871,0,1,HIT,HIT
17,76,n33,76_n33_N.jpg,0,NaN,NaN,NaN,NaN,0,1,TNEG,TNEG
17,77,c149,77_c149_C.jpg,1,1261,412,740,412,0,1,HIT,HIT
17,78,c352,78_c352_C.jpg,1,1228,636,707,636,0,1,HIT,HIT
17,79,n385,79_n385_N.jpg,0,NaN,NaN,NaN,NaN,0,1,TNEG,TNEG
17,80,c284,80_c284_C.jpg,1,1322,584,801,584,0,1,HIT,MISS&FA
18,1,c14,01_c14_C.jpg,1,1124,727,603,727,0,1,HIT,MISS&FA
18,2,c84,02_c84_C.jpg,1,NaN,NaN,NaN,NaN,0,0,MISS,MISS
18,3,c129,03_c129_C.jpg,1,1176,506,655,506,0,1,HIT,HIT
18,4,c310,04_c310_C.jpg,1,1200,726,679,726,0,1,HIT,MISS&FA
18,5,c116,05_c116_C.jpg,1,1012,727,491,727,0,1,HIT,MISS&FA
18,6,n173,06_n173_N.jpg,0,966,762,445,762,0,0,FA,FA
18,7,c372,07_c372_C.jpg,1,NaN,NaN,NaN,NaN,0,0,MISS,MISS
18,8,c284,08_c284_C.jpg,1,NaN,NaN,NaN,NaN,0,0,MISS,MISS
18,9,c148,09_c148_C.jpg,1,1239,379,718,379,0,1,HIT,HIT
18,10,n114,10_n114_N.jpg,0,NaN,NaN,NaN,NaN,0,1,TNEG,TNEG
18,11,c242,11_c242_C.jpg,1,1128,559,607,559,0,1,HIT,MISS&FA
18,12,c469,12_c469_C.jpg,1,1282,696,761,696,0,1,HIT,HIT
18,13,c437,13_c437_C.jpg,1,NaN,NaN,NaN,NaN,0,0,MISS,MISS
18,14,n53,14_n53_N.jpg,0,NaN,NaN,NaN,NaN,0,1,TNEG,TNEG
18,15,c27,15_c27_C.jpg,1,1076,766,555,766,0,1,HIT,MISS&FA
18,16,n174,16_n174_N.jpg,0,NaN,NaN,NaN,NaN,0,1,TNEG,TNEG
18,17,c141,17_c141_C.jpg,1,NaN,NaN,NaN,NaN,0,0,MISS,MISS
18,18,n297,18_n297_N.jpg,0,NaN,NaN,NaN,NaN,0,1,TNEG,TNEG
18,19,c228,19_c228_C.jpg,1,943,507,422,507,0,1,HIT,MISS&FA
18,20,n271,20_n271_N.jpg,0,NaN,NaN,NaN,NaN,0,1,TNEG,TNEG
18,21,c384,21_c384_C.jpg,1,1161,855,640,855,0,1,HIT,HIT
18,22,c165,22_c165_C.jpg,1,1282,574,761,574,0,1,HIT,HIT
18,23,n349,23_n349_N.jpg,0,NaN,NaN,NaN,NaN,0,1,TNEG,TNEG
18,24,c239,24_c239_C.jpg,1,1218,876,697,876,0,1,HIT,HIT
18,25,c227,25_c227_C.jpg,1,858,593,337,593,0,1,HIT,HIT
18,26,c306,26_c306_C.jpg,1,1182,652,661,652,0,1,HIT,MISS&FA
18,27,c484,27_c484_C.jpg,1,1148,759,627,759,0,1,HIT,HIT
18,28,c196,28_c196_C.jpg,1,993,692,472,692,0,1,HIT,HIT
18,29,c149,29_c149_C.jpg,1,1242,406,721,406,0,1,HIT,HIT
18,30,n385,30_n385_N.jpg,0,1092,563,571,563,0,0,FA,FA
18,31,c102,31_c102_C.jpg,1,NaN,NaN,NaN,NaN,0,0,MISS,MISS
18,32,n264,32_n264_N.jpg,0,NaN,NaN,NaN,NaN,0,1,TNEG,TNEG
18,33,n88,33_n88_N.jpg,0,NaN,NaN,NaN,NaN,0,1,TNEG,TNEG
18,34,n284,34_n284_N.jpg,0,NaN,NaN,NaN,NaN,0,1,TNEG,TNEG
18,35,c353,35_c353_C.jpg,1,NaN,NaN,NaN,NaN,0,0,MISS,MISS
18,36,c186,36_c186_C.jpg,1,1222,519,701,519,0,1,HIT,HIT
18,37,c304,37_c304_C.jpg,1,1198,482,677,482,0,1,HIT,HIT
18,38,c352,38_c352_C.jpg,1,1245,638,724,638,0,1,HIT,HIT
18,39,c3,39_c3_C.jpg,1,NaN,NaN,NaN,NaN,0,0,MISS,MISS
18,40,c368,40_c368_C.jpg,1,1114,600,593,600,0,1,HIT,HIT
18,41,c69,41_c69_C.jpg,1,1175,502,654,502,0,1,HIT,HIT
18,42,n260,42_n260_N.jpg,0,NaN,NaN,NaN,NaN,0,1,TNEG,TNEG
18,43,n82,43_n82_N.jpg,0,NaN,NaN,NaN,NaN,0,1,TNEG,TNEG
18,44,c101,44_c101_C.jpg,1,NaN,NaN,NaN,NaN,0,0,MISS,MISS
18,45,n33,45_n33_N.jpg,0,NaN,NaN,NaN,NaN,0,1,TNEG,TNEG
18,46,c260,46_c260_C.jpg,1,1091,773,570,773,0,1,HIT,HIT
18,47,c182,47_c182_C.jpg,1,1273,748,752,748,0,1,HIT,HIT
18,48,c43,48_c43_C.jpg,1,NaN,NaN,NaN,NaN,0,0,MISS,MISS
18,49,c255,49_c255_C.jpg,1,1003,756,482,756,0,1,HIT,HIT
18,50,n374,50_n374_N.jpg,0,NaN,NaN,NaN,NaN,0,1,TNEG,TNEG
18,51,c9,51_c9_C.jpg,1,NaN,NaN,NaN,NaN,0,0,MISS,MISS
18,52,c278,52_c278_C.jpg,1,NaN,NaN,NaN,NaN,0,0,MISS,MISS
18,53,c285,53_c285_C.jpg,1,1111,677,590,677,0,1,HIT,MISS&FA
18,54,n27,54_n27_N.jpg,0,NaN,NaN,NaN,NaN,0,1,TNEG,TNEG
18,55,c336,55_c336_C.jpg,1,NaN,NaN,NaN,NaN,0,0,MISS,MISS
18,56,n279,56_n279_N.jpg,0,912,729,391,729,0,0,FA,FA
18,57,c5,57_c5_C.jpg,1,NaN,NaN,NaN,NaN,0,0,MISS,MISS
18,58,c79,58_c79_C.jpg,1,1220,713,699,713,0,1,HIT,HIT
18,59,c378,59_c378_C.jpg,1,NaN,NaN,NaN,NaN,0,0,MISS,MISS
18,60,c68,60_c68_C.jpg,1,1154,772,633,772,0,1,HIT,MISS&FA
18,61,c251,61_c251_C.jpg,1,903,752,382,752,0,1,HIT,MISS&FA
18,62,c41,62_c41_C.jpg,1,NaN,NaN,NaN,NaN,0,0,MISS,MISS
18,63,c266,63_c266_C.jpg,1,NaN,NaN,NaN,NaN,0,0,MISS,MISS
18,64,n307,64_n307_N.jpg,0,NaN,NaN,NaN,NaN,0,1,TNEG,TNEG
18,65,c387,65_c387_C.jpg,1,NaN,NaN,NaN,NaN,0,0,MISS,MISS
18,66,c70,66_c70_C.jpg,1,NaN,NaN,NaN,NaN,0,0,MISS,MISS
18,67,c375R,67_c375R_C.jpg,1,NaN,NaN,NaN,NaN,0,0,MISS,MISS
18,68,c174,68_c174_C.jpg,1,1318,541,797,541,0,1,HIT,HIT
18,69,c23,69_c23_C.jpg,1,NaN,NaN,NaN,NaN,0,0,MISS,MISS
18,70,c313,70_c313_C.jpg,1,1061,581,540,581,0,1,HIT,HIT
18,71,c4,71_c4_C.jpg,1,NaN,NaN,NaN,NaN,0,0,MISS,MISS
18,72,c134,72_c134_C.jpg,1,1115,408,594,408,0,1,HIT,HIT
18,73,c176,73_c176_C.jpg,1,1001,843,480,843,0,1,HIT,HIT
18,74,c143,74_c143_C.jpg,1,1043,697,522,697,0,1,HIT,MISS&FA
18,75,n352,75_n352_N.jpg,0,NaN,NaN,NaN,NaN,0,1,TNEG,TNEG
18,76,c138,76_c138_C.jpg,1,993,898,472,898,0,1,HIT,MISS&FA
18,77,n28,77_n28_N.jpg,0,NaN,NaN,NaN,NaN,0,1,TNEG,TNEG
18,78,c154,78_c154_C.jpg,1,1017,722,496,722,0,1,HIT,HIT
18,79,c46,79_c46_C.jpg,1,1002,536,481,536,0,1,HIT,HIT
18,80,c39,80_c39_C.jpg,1,1269,542,748,542,0,1,HIT,HIT
19,1,c84,01_c84_C.jpg,1,NaN,NaN,NaN,NaN,0,0,MISS,MISS
19,2,c310,02_c310_C.jpg,1,1296,681,775,681,0,1,HIT,MISS&FA
19,3,c134,03_c134_C.jpg,1,1118,420,597,420,0,1,HIT,HIT
19,4,c46,04_c46_C.jpg,1,1005,549,484,549,0,1,HIT,HIT
19,5,c165,05_c165_C.jpg,1,1288,557,767,557,0,1,HIT,HIT
19,6,c375R,06_c375R_C.jpg,1,1209,555,688,555,0,1,HIT,HIT
19,7,c260,07_c260_C.jpg,1,1091,790,570,790,0,1,HIT,HIT
19,8,c116,08_c116_C.jpg,1,1108,450,587,450,0,1,HIT,HIT
19,9,c196,09_c196_C.jpg,1,1021,689,500,689,0,1,HIT,HIT
19,10,c284,10_c284_C.jpg,1,1315,577,794,577,0,1,HIT,MISS&FA
19,11,n53,11_n53_N.jpg,0,NaN,NaN,NaN,NaN,0,1,TNEG,TNEG
19,12,n260,12_n260_N.jpg,0,NaN,NaN,NaN,NaN,0,1,TNEG,TNEG
19,13,c23,13_c23_C.jpg,1,1105,766,584,766,0,1,HIT,MISS&FA
19,14,n349,14_n349_N.jpg,0,1183,447,662,447,0,0,FA,FA
19,15,c39,15_c39_C.jpg,1,1266,534,745,534,0,1,HIT,HIT
19,16,n307,16_n307_N.jpg,0,NaN,NaN,NaN,NaN,0,1,TNEG,TNEG
19,17,c372,17_c372_C.jpg,1,1243,563,722,563,0,1,HIT,MISS&FA
19,18,c353,18_c353_C.jpg,1,1332,726,811,726,0,1,HIT,HIT
19,19,c101,19_c101_C.jpg,1,1314,418,793,418,0,1,HIT,MISS&FA
19,20,c14,20_c14_C.jpg,1,1253,457,732,457,0,1,HIT,HIT
19,21,c242,21_c242_C.jpg,1,1147,601,626,601,0,1,HIT,MISS&FA
19,22,c149,22_c149_C.jpg,1,1267,429,746,429,0,1,HIT,HIT
19,23,c437,23_c437_C.jpg,1,1210,375,689,375,0,1,HIT,HIT
19,24,c336,24_c336_C.jpg,1,1320,657,799,657,0,1,HIT,HIT
19,25,c69,25_c69_C.jpg,1,1193,484,672,484,0,1,HIT,HIT
19,26,c255,26_c255_C.jpg,1,1006,782,485,782,0,1,HIT,HIT
19,27,c228,27_c228_C.jpg,1,1093,750,572,750,0,1,HIT,HIT
19,28,n33,28_n33_N.jpg,0,NaN,NaN,NaN,NaN,0,1,TNEG,TNEG
19,29,c27,29_c27_C.jpg,1,1370,806,849,806,0,1,HIT,MISS&FA
19,30,c378,30_c378_C.jpg,1,1312,437,791,437,0,1,HIT,HIT
19,31,c469,31_c469_C.jpg,1,1256,711,735,711,0,1,HIT,HIT
19,32,c387,32_c387_C.jpg,1,1259,418,738,418,0,1,HIT,HIT
19,33,n374,33_n374_N.jpg,0,NaN,NaN,NaN,NaN,0,1,TNEG,TNEG
19,34,c384,34_c384_C.jpg,1,1145,856,624,856,0,1,HIT,HIT
19,35,c41,35_c41_C.jpg,1,1046,389,525,389,0,1,HIT,HIT
19,36,n28,36_n28_N.jpg,0,896,693,375,693,0,0,FA,FA
19,37,c129,37_c129_C.jpg,1,1163,512,642,512,0,1,HIT,HIT
19,38,c176,38_c176_C.jpg,1,1034,852,513,852,0,1,HIT,HIT
19,39,c141,39_c141_C.jpg,1,1265,893,744,893,0,1,HIT,HIT
19,40,c4,40_c4_C.jpg,1,NaN,NaN,NaN,NaN,0,0,MISS,MISS
19,41,c278,41_c278_C.jpg,1,1211,874,690,874,0,1,HIT,HIT
19,42,c70,42_c70_C.jpg,1,878,670,357,670,0,1,HIT,HIT
19,43,n173,43_n173_N.jpg,0,998,568,477,568,0,0,FA,FA
19,44,n174,44_n174_N.jpg,0,1251,550,730,550,0,0,FA,FA
19,45,c285,45_c285_C.jpg,1,1135,331,614,331,0,1,HIT,HIT
19,46,c304,46_c304_C.jpg,1,1198,486,677,486,0,1,HIT,HIT
19,47,c182,47_c182_C.jpg,1,1280,776,759,776,0,1,HIT,HIT
19,48,c143,48_c143_C.jpg,1,1118,823,597,823,0,1,HIT,MISS&FA
19,49,c227,49_c227_C.jpg,1,846,580,325,580,0,1,HIT,HIT
19,50,c239,50_c239_C.jpg,1,1222,875,701,875,0,1,HIT,HIT
19,51,c174,51_c174_C.jpg,1,1323,549,802,549,0,1,HIT,HIT
19,52,c313,52_c313_C.jpg,1,1030,596,509,596,0,1,HIT,HIT
19,53,c3,53_c3_C.jpg,1,NaN,NaN,NaN,NaN,0,0,MISS,MISS
19,54,c68,54_c68_C.jpg,1,1243,712,722,712,0,1,HIT,HIT
19,55,c266,55_c266_C.jpg,1,1173,602,652,602,0,1,HIT,HIT
19,56,c306,56_c306_C.jpg,1,1273,466,752,466,0,1,HIT,MISS&FA
19,57,n114,57_n114_N.jpg,0,NaN,NaN,NaN,NaN,0,1,TNEG,TNEG
19,58,c484,58_c484_C.jpg,1,1144,784,623,784,0,1,HIT,HIT
19,59,c251,59_c251_C.jpg,1,853,765,332,765,0,1,HIT,MISS&FA
19,60,c79,60_c79_C.jpg,1,1221,711,700,711,0,1,HIT,HIT
19,61,n264,61_n264_N.jpg,0,1352,633,831,633,0,0,FA,FA
19,62,c43,62_c43_C.jpg,1,1020,883,499,883,0,1,HIT,MISS&FA
19,63,c154,63_c154_C.jpg,1,1022,715,501,715,0,1,HIT,HIT
19,64,n352,64_n352_N.jpg,0,NaN,NaN,NaN,NaN,0,1,TNEG,TNEG
19,65,c186,65_c186_C.jpg,1,1230,521,709,521,0,1,null,znull
19,66,c5,66_c5_C.jpg,1,1232,421,711,421,0,1,HIT,HIT
19,67,c102,67_c102_C.jpg,1,1226,782,705,782,0,1,HIT,MISS&FA
19,68,n385,68_n385_N.jpg,0,1233,724,712,724,0,0,FA,FA
19,69,c9,69_c9_C.jpg,1,NaN,NaN,NaN,NaN,0,0,MISS,MISS
19,70,n279,70_n279_N.jpg,0,1043,896,522,896,0,0,FA,FA
19,71,c148,71_c148_C.jpg,1,1244,359,723,359,0,1,HIT,HIT
19,72,c368,72_c368_C.jpg,1,1114,582,593,582,0,1,HIT,HIT
19,73,n297,73_n297_N.jpg,0,1129,537,608,537,0,0,FA,FA
19,74,n284,74_n284_N.jpg,0,NaN,NaN,NaN,NaN,0,1,TNEG,TNEG
19,75,n82,75_n82_N.jpg,0,1131,554,610,554,0,0,FA,FA
19,76,c138,76_c138_C.jpg,1,1007,833,486,833,0,1,HIT,MISS&FA
19,77,n271,77_n271_N.jpg,0,NaN,NaN,NaN,NaN,0,1,TNEG,TNEG
19,78,n88,78_n88_N.jpg,0,1205,133,684,133,0,0,FA,FA
19,79,n27,79_n27_N.jpg,0,1255,478,734,478,0,0,null,znull
19,80,c352,80_c352_C.jpg,1,1238,650,717,650,0,1,HIT,HIT
21,1,c23,01_c23_C.jpg,1,1097,488,576,488,0,1,,
21,2,n385,02_n385_N.jpg,0,1108,593,587,593,0,0,,
21,3,c138,03_c138_C.jpg,1,1012,834,491,834,0,1,,
21,4,c260,04_c260_C.jpg,1,1065,802,544,802,0,1,,
21,5,c469,05_c469_C.jpg,1,1279,698,758,698,0,1,,
21,6,c39,06_c39_C.jpg,1,1280,518,759,518,0,1,,
21,7,c285,07_c285_C.jpg,1,1145,669,624,669,0,1,,
21,8,n374,08_n374_N.jpg,0,1316,542,795,542,0,0,,
21,9,c378,09_c378_C.jpg,1,1314,435,793,435,0,1,,
21,10,n53,10_n53_N.jpg,0,1111,622,590,622,0,0,,
21,11,c176,11_c176_C.jpg,1,1029,847,508,847,0,1,,
21,12,c27,12_c27_C.jpg,1,1379,817,858,817,0,1,,
21,13,c284,13_c284_C.jpg,1,1338,573,817,573,0,1,,
21,14,n297,14_n297_N.jpg,0,1129,537,608,537,0,0,,
21,15,c437,15_c437_C.jpg,1,1211,354,690,354,0,1,,
21,16,c154,16_c154_C.jpg,1,1008,718,487,718,0,1,,
21,17,c149,17_c149_C.jpg,1,1237,400,716,400,0,1,,
21,18,c68,18_c68_C.jpg,1,1261,712,740,712,0,1,,
21,19,c143,19_c143_C.jpg,1,NaN,NaN,NaN,NaN,0,0,,
21,20,c141,20_c141_C.jpg,1,1269,917,748,917,0,1,,
21,21,c41,21_c41_C.jpg,1,1041,377,520,377,0,1,,
21,22,n264,22_n264_N.jpg,0,1358,638,837,638,0,0,,
21,23,c3,23_c3_C.jpg,1,1343,142,822,142,0,1,,
21,24,c4,24_c4_C.jpg,1,1319,219,798,219,0,1,,
21,25,c101,25_c101_C.jpg,1,1299,413,778,413,0,1,,
21,26,n174,26_n174_N.jpg,0,1310,648,789,648,0,0,,
21,27,c69,27_c69_C.jpg,1,1182,494,661,494,0,1,,
21,28,c228,28_c228_C.jpg,1,1109,735,588,735,0,1,,
21,29,c387,29_c387_C.jpg,1,1280,393,759,393,0,1,,
21,30,c278,30_c278_C.jpg,1,1218,889,697,889,0,1,,
21,31,c129,31_c129_C.jpg,1,1161,504,640,504,0,1,,
21,32,n349,32_n349_N.jpg,0,1205,516,684,516,0,0,,
21,33,c304,33_c304_C.jpg,1,1207,496,686,496,0,1,,
21,34,c116,34_c116_C.jpg,1,1226,167,705,167,0,1,,
21,35,c239,35_c239_C.jpg,1,1218,882,697,882,0,1,,
21,36,c46,36_c46_C.jpg,1,1013,522,492,522,0,1,,
21,37,n279,37_n279_N.jpg,0,931,709,410,709,0,0,,
21,38,c251,38_c251_C.jpg,1,1278,275,757,275,0,1,,
21,39,n173,39_n173_N.jpg,0,1212,241,691,241,0,0,,
21,40,n271,40_n271_N.jpg,0,1232,802,711,802,0,0,,
21,41,n284,41_n284_N.jpg,0,NaN,NaN,NaN,NaN,0,1,,
21,42,n82,42_n82_N.jpg,0,1143,566,622,566,0,0,,
21,43,c242,43_c242_C.jpg,1,1246,469,725,469,0,1,,
21,44,c9,44_c9_C.jpg,1,1347,801,826,801,0,1,,
21,45,c165,45_c165_C.jpg,1,1302,548,781,548,0,1,,
21,46,n27,46_n27_N.jpg,0,1259,497,738,497,0,0,,
21,47,n352,47_n352_N.jpg,0,1088,625,567,625,0,0,,
21,48,c134,48_c134_C.jpg,1,970,825,449,825,0,1,,
21,49,c5,49_c5_C.jpg,1,1037,534,516,534,0,1,,
21,50,n28,50_n28_N.jpg,0,888,689,367,689,0,0,,
21,51,n88,51_n88_N.jpg,0,1190,143,669,143,0,0,,
21,52,c368,52_c368_C.jpg,1,1129,599,608,599,0,1,,
21,53,c372,53_c372_C.jpg,1,1371,240,850,240,0,1,,
21,54,n114,54_n114_N.jpg,0,1088,558,567,558,0,0,,
21,55,c353,55_c353_C.jpg,1,1339,729,818,729,0,1,,
21,56,c14,56_c14_C.jpg,1,1164,567,643,567,0,1,,
21,57,c84,57_c84_C.jpg,1,1302,100,781,100,0,1,,
21,58,c174,58_c174_C.jpg,1,1210,718,689,718,0,1,,
21,59,c352,59_c352_C.jpg,1,1227,873,706,873,0,1,,
21,60,c43,60_c43_C.jpg,1,1040,550,519,550,0,1,,
21,61,c375R,61_c375R_C.jpg,1,1209,555,688,555,0,1,,
21,62,c255,62_c255_C.jpg,1,1007,805,486,805,0,1,,
21,63,c227,63_c227_C.jpg,1,848,588,327,588,0,1,,
21,64,n307,64_n307_N.jpg,0,1128,862,607,862,0,0,,
21,65,n33,65_n33_N.jpg,0,1009,736,488,736,0,0,,
21,66,c306,66_c306_C.jpg,1,1261,469,740,469,0,1,,
21,67,c79,67_c79_C.jpg,1,1224,698,703,698,0,1,,
21,68,c70,68_c70_C.jpg,1,899,685,378,685,0,1,,
21,69,c484,69_c484_C.jpg,1,1149,762,628,762,0,1,,
21,70,c313,70_c313_C.jpg,1,1059,588,538,588,0,1,,
21,71,c310,71_c310_C.jpg,1,1227,473,706,473,0,1,,
21,72,c182,72_c182_C.jpg,1,1287,747,766,747,0,1,,
21,73,c384,73_c384_C.jpg,1,1170,866,649,866,0,1,,
21,74,c148,74_c148_C.jpg,1,1246,374,725,374,0,1,,
21,75,c266,75_c266_C.jpg,1,1154,624,633,624,0,1,,
21,76,c336,76_c336_C.jpg,1,1276,635,755,635,0,1,,
21,77,c102,77_c102_C.jpg,1,1213,783,692,783,0,1,,
21,78,c196,78_c196_C.jpg,1,1007,698,486,698,0,1,,
21,79,c186,79_c186_C.jpg,1,1213,526,692,526,0,1,,
21,80,n260,80_n260_N.jpg,0,1093,473,572,473,0,0,,
22,1,c68,01_c68_C.jpg,1,NaN,NaN,NaN,NaN,0,0,MISS,MISS
22,2,c310,02_c310_C.jpg,1,NaN,NaN,NaN,NaN,0,0,MISS,MISS
22,3,c3,03_c3_C.jpg,1,1140,438,619,438,0,1,HIT,MISS&FA
22,4,n279,04_n279_N.jpg,0,1169,462,648,462,0,0,FA,FA
22,5,c313,05_c313_C.jpg,1,1055,584,534,584,0,1,HIT,HIT
22,6,c352,06_c352_C.jpg,1,1244,638,723,638,0,1,HIT,HIT
22,7,c101,07_c101_C.jpg,1,1059,528,538,528,0,1,HIT,MISS&FA
22,8,c285,08_c285_C.jpg,1,1061,682,540,682,0,1,HIT,MISS&FA
22,9,c70,09_c70_C.jpg,1,881,687,360,687,0,1,HIT,HIT
22,10,n114,10_n114_N.jpg,0,1085,581,564,581,0,0,FA,FA
22,11,c141,11_c141_C.jpg,1,1005,589,484,589,0,1,HIT,MISS&FA
22,12,c372,12_c372_C.jpg,1,1182,517,661,517,0,1,HIT,MISS&FA
22,13,c69,13_c69_C.jpg,1,1181,485,660,485,0,1,HIT,HIT
22,14,n173,14_n173_N.jpg,0,1075,650,554,650,0,0,FA,FA
22,15,c469,15_c469_C.jpg,1,1290,703,769,703,0,1,HIT,HIT
22,16,c4,16_c4_C.jpg,1,NaN,NaN,NaN,NaN,0,0,MISS,MISS
22,17,c129,17_c129_C.jpg,1,1177,511,656,511,0,1,HIT,HIT
22,18,n33,18_n33_N.jpg,0,1267,588,746,588,0,0,FA,FA
22,19,n27,19_n27_N.jpg,0,1155,621,634,621,0,0,FA,FA
22,20,c23,20_c23_C.jpg,1,1096,492,575,492,0,1,HIT,HIT
22,21,c242,21_c242_C.jpg,1,1211,479,690,479,0,1,HIT,MISS&FA
22,22,n307,22_n307_N.jpg,0,1116,663,595,663,0,0,FA,FA
22,23,c186,23_c186_C.jpg,1,1218,531,697,531,0,1,HIT,HIT
22,24,n385,24_n385_N.jpg,0,NaN,NaN,NaN,NaN,0,1,TNEG,TNEG
22,25,c353,25_c353_C.jpg,1,1334,736,813,736,0,1,HIT,HIT
22,26,c14,26_c14_C.jpg,1,1256,459,735,459,0,1,HIT,HIT
22,27,c27,27_c27_C.jpg,1,1065,538,544,538,0,1,HIT,MISS&FA
22,28,c384,28_c384_C.jpg,1,1167,857,646,857,0,1,HIT,HIT
22,29,c304,29_c304_C.jpg,1,1206,493,685,493,0,1,HIT,HIT
22,30,n352,30_n352_N.jpg,0,NaN,NaN,NaN,NaN,0,1,TNEG,TNEG
22,31,c5,31_c5_C.jpg,1,NaN,NaN,NaN,NaN,0,0,MISS,MISS
22,32,c227,32_c227_C.jpg,1,859,610,338,610,0,1,HIT,HIT
22,33,c196,33_c196_C.jpg,1,994,699,473,699,0,1,HIT,HIT
22,34,c387,34_c387_C.jpg,1,1249,524,728,524,0,1,HIT,MISS&FA
22,35,c79,35_c79_C.jpg,1,1217,703,696,703,0,1,HIT,HIT
22,36,c251,36_c251_C.jpg,1,NaN,NaN,NaN,NaN,0,0,MISS,MISS
22,37,c176,37_c176_C.jpg,1,1028,857,507,857,0,1,HIT,HIT
22,38,c116,38_c116_C.jpg,1,1101,455,580,455,0,1,HIT,HIT
22,39,c149,39_c149_C.jpg,1,1248,395,727,395,0,1,HIT,HIT
22,40,c138,40_c138_C.jpg,1,1004,868,483,868,0,1,HIT,MISS&FA
22,41,c46,41_c46_C.jpg,1,1013,522,492,522,0,1,HIT,HIT
22,42,c39,42_c39_C.jpg,1,1245,542,724,542,0,1,HIT,HIT
22,43,n271,43_n271_N.jpg,0,NaN,NaN,NaN,NaN,0,1,TNEG,TNEG
22,44,c437,44_c437_C.jpg,1,1225,362,704,362,0,1,HIT,HIT
22,45,n53,45_n53_N.jpg,0,NaN,NaN,NaN,NaN,0,1,TNEG,TNEG
22,46,c284,46_c284_C.jpg,1,1164,472,643,472,0,1,HIT,MISS&FA
22,47,c182,47_c182_C.jpg,1,1264,775,743,775,0,1,HIT,HIT
22,48,n297,48_n297_N.jpg,0,1140,539,619,539,0,0,FA,FA
22,49,c41,49_c41_C.jpg,1,NaN,NaN,NaN,NaN,0,0,MISS,MISS
22,50,n349,50_n349_N.jpg,0,1171,438,650,438,0,0,FA,FA
22,51,c134,51_c134_C.jpg,1,1124,412,603,412,0,1,HIT,HIT
22,52,c148,52_c148_C.jpg,1,1235,387,714,387,0,1,HIT,HIT
22,53,n88,53_n88_N.jpg,0,NaN,NaN,NaN,NaN,0,1,TNEG,TNEG
22,54,n174,54_n174_N.jpg,0,1318,651,797,651,0,0,FA,FA
22,55,n284,55_n284_N.jpg,0,1159,617,638,617,0,0,FA,FA
22,56,n264,56_n264_N.jpg,0,NaN,NaN,NaN,NaN,0,1,TNEG,TNEG
22,57,c266,57_c266_C.jpg,1,1157,604,636,604,0,1,HIT,HIT
22,58,c484,58_c484_C.jpg,1,1148,773,627,773,0,1,null,znull
22,59,c306,59_c306_C.jpg,1,NaN,NaN,NaN,NaN,0,0,MISS,MISS
22,60,n260,60_n260_N.jpg,0,NaN,NaN,NaN,NaN,0,1,TNEG,TNEG
22,61,c165,61_c165_C.jpg,1,1291,576,770,576,0,1,HIT,HIT
22,62,c378,62_c378_C.jpg,1,1286,462,765,462,0,1,HIT,HIT
22,63,c9,63_c9_C.jpg,1,NaN,NaN,NaN,NaN,0,0,MISS,MISS
22,64,c255,64_c255_C.jpg,1,1023,806,502,806,0,1,HIT,HIT
22,65,c174,65_c174_C.jpg,1,1327,531,806,531,0,1,HIT,HIT
22,66,c278,66_c278_C.jpg,1,NaN,NaN,NaN,NaN,0,0,MISS,MISS
22,67,c239,67_c239_C.jpg,1,1216,883,695,883,0,1,HIT,HIT
22,68,c154,68_c154_C.jpg,1,1231,541,710,541,0,1,HIT,MISS&FA
22,69,c143,69_c143_C.jpg,1,1215,220,694,220,0,1,HIT,HIT
22,70,c102,70_c102_C.jpg,1,NaN,NaN,NaN,NaN,0,0,MISS,MISS
22,71,c336,71_c336_C.jpg,1,1283,635,762,635,0,1,HIT,HIT
22,72,c368,72_c368_C.jpg,1,1119,597,598,597,0,1,HIT,HIT
22,73,c84,73_c84_C.jpg,1,NaN,NaN,NaN,NaN,0,0,MISS,MISS
22,74,c375R,74_c375R_C.jpg,1,1203,556,682,556,0,1,HIT,HIT
22,75,n28,75_n28_N.jpg,0,907,701,386,701,0,0,FA,FA
22,76,c260,76_c260_C.jpg,1,1071,807,550,807,0,1,HIT,HIT
22,77,c228,77_c228_C.jpg,1,1098,742,577,742,0,1,HIT,HIT
22,78,n82,78_n82_N.jpg,0,NaN,NaN,NaN,NaN,0,1,TNEG,TNEG
22,79,n374,79_n374_N.jpg,0,957,736,436,736,0,0,FA,FA
22,80,c43,80_c43_C.jpg,1,1153,608,632,608,0,1,HIT,HIT
23,1,c102,01_c102_C.jpg,1,944,824,423,824,0,1,HIT,MISS&FA
23,2,n88,02_n88_N.jpg,0,1197,127,676,127,0,0,FA,FA
23,3,c353,03_c353_C.jpg,1,1324,701,803,701,0,1,HIT,HIT
23,4,c68,04_c68_C.jpg,1,1137,762,616,762,0,1,HIT,MISS&FA
23,5,c469,05_c469_C.jpg,1,1274,702,753,702,0,1,HIT,HIT
23,6,n279,06_n279_N.jpg,0,1119,906,598,906,0,0,FA,FA
23,7,c484,07_c484_C.jpg,1,1150,757,629,757,0,1,HIT,HIT
23,8,c387,08_c387_C.jpg,1,1088,696,567,696,0,1,HIT,MISS&FA
23,9,c70,09_c70_C.jpg,1,NaN,NaN,NaN,NaN,0,0,MISS,MISS
23,10,c285,10_c285_C.jpg,1,1140,334,619,334,0,1,HIT,HIT
23,11,n33,11_n33_N.jpg,0,955,590,434,590,0,0,FA,FA
23,12,c165,12_c165_C.jpg,1,1303,562,782,562,0,1,HIT,HIT
23,13,c266,13_c266_C.jpg,1,1160,603,639,603,0,1,HIT,HIT
23,14,c84,14_c84_C.jpg,1,NaN,NaN,NaN,NaN,0,0,MISS,MISS
23,15,c79,15_c79_C.jpg,1,1232,696,711,696,0,1,HIT,HIT
23,16,c3,16_c3_C.jpg,1,1362,107,841,107,0,1,HIT,MISS&FA
23,17,c375R,17_c375R_C.jpg,1,1202,558,681,558,0,1,HIT,HIT
23,18,c134,18_c134_C.jpg,1,1130,423,609,423,0,1,HIT,HIT
23,19,c9,19_c9_C.jpg,1,1330,790,809,790,0,1,HIT,HIT
23,20,n27,20_n27_N.jpg,0,1223,866,702,866,0,0,FA,FA
23,21,n174,21_n174_N.jpg,0,1222,545,701,545,0,0,FA,FA
23,22,c39,22_c39_C.jpg,1,1148,312,627,312,0,1,HIT,MISS&FA
23,23,c310,23_c310_C.jpg,1,NaN,NaN,NaN,NaN,0,0,MISS,MISS
23,24,c255,24_c255_C.jpg,1,1005,771,484,771,0,1,HIT,HIT
23,25,c239,25_c239_C.jpg,1,1214,878,693,878,0,1,HIT,HIT
23,26,n349,26_n349_N.jpg,0,1175,418,654,418,0,0,FA,FA
23,27,n114,27_n114_N.jpg,0,1286,828,765,828,0,0,FA,FA
23,28,c148,28_c148_C.jpg,1,1229,384,708,384,0,1,HIT,HIT
23,29,c437,29_c437_C.jpg,1,1088,726,567,726,0,1,HIT,MISS&FA
23,30,c196,30_c196_C.jpg,1,1002,692,481,692,0,1,HIT,HIT
23,31,c138,31_c138_C.jpg,1,1149,806,628,806,0,1,HIT,MISS&FA
23,32,c304,32_c304_C.jpg,1,1233,502,712,502,0,1,HIT,HIT
23,33,n173,33_n173_N.jpg,0,NaN,NaN,NaN,NaN,0,1,TNEG,TNEG
23,34,c23,34_c23_C.jpg,1,918,676,397,676,0,1,HIT,MISS&FA
23,35,c284,35_c284_C.jpg,1,1137,687,616,687,0,1,HIT,MISS&FA
23,36,n28,36_n28_N.jpg,0,890,720,369,720,0,0,FA,FA
23,37,c116,37_c116_C.jpg,1,1084,650,563,650,0,1,HIT,MISS&FA
23,38,c384,38_c384_C.jpg,1,1113,861,592,861,0,1,HIT,HIT
23,39,n264,39_n264_N.jpg,0,1110,736,589,736,0,0,FA,FA
23,40,c4,40_c4_C.jpg,1,1161,802,640,802,0,1,HIT,MISS&FA
23,41,c27,41_c27_C.jpg,1,1040,425,519,425,0,1,HIT,MISS&FA
23,42,c368,42_c368_C.jpg,1,1134,594,613,594,0,1,HIT,HIT
23,43,c186,43_c186_C.jpg,1,1223,516,702,516,0,1,HIT,HIT
23,44,c143,44_c143_C.jpg,1,1082,409,561,409,0,1,HIT,MISS&FA
23,45,c43,45_c43_C.jpg,1,1049,552,528,552,0,1,HIT,MISS&FA
23,46,c129,46_c129_C.jpg,1,1178,512,657,512,0,1,HIT,HIT
23,47,c182,47_c182_C.jpg,1,1277,747,756,747,0,1,HIT,HIT
23,48,c154,48_c154_C.jpg,1,1030,711,509,711,0,1,HIT,HIT
23,49,c260,49_c260_C.jpg,1,1075,777,554,777,0,1,HIT,HIT
23,50,c378,50_c378_C.jpg,1,1293,436,772,436,0,1,HIT,HIT
23,51,c41,51_c41_C.jpg,1,1052,384,531,384,0,1,HIT,HIT
23,52,n53,52_n53_N.jpg,0,NaN,NaN,NaN,NaN,0,1,TNEG,TNEG
23,53,n307,53_n307_N.jpg,0,1196,752,675,752,0,0,FA,FA
23,54,n297,54_n297_N.jpg,0,963,772,442,772,0,0,FA,FA
23,55,c174,55_c174_C.jpg,1,1318,567,797,567,0,1,HIT,HIT
23,56,c14,56_c14_C.jpg,1,1138,523,617,523,0,1,HIT,MISS&FA
23,57,c306,57_c306_C.jpg,1,1359,333,838,333,0,1,HIT,HIT
23,58,n385,58_n385_N.jpg,0,NaN,NaN,NaN,NaN,0,1,TNEG,TNEG
23,59,n284,59_n284_N.jpg,0,NaN,NaN,NaN,NaN,0,1,TNEG,TNEG
23,60,c176,60_c176_C.jpg,1,1006,861,485,861,0,1,HIT,HIT
23,61,c227,61_c227_C.jpg,1,873,593,352,593,0,1,HIT,HIT
23,62,n271,62_n271_N.jpg,0,1124,373,603,373,0,0,FA,FA
23,63,c372,63_c372_C.jpg,1,NaN,NaN,NaN,NaN,0,0,HIT,MISS
23,64,c46,64_c46_C.jpg,1,990,525,469,525,0,1,HIT,HIT
23,65,c313,65_c313_C.jpg,1,1045,606,524,606,0,1,HIT,HIT
23,66,n374,66_n374_N.jpg,0,934,929,413,929,0,0,FA,FA
23,67,c278,67_c278_C.jpg,1,1220,878,699,878,0,1,HIT,HIT
23,68,c251,68_c251_C.jpg,1,855,753,334,753,0,1,HIT,MISS&FA
23,69,n82,69_n82_N.jpg,0,1172,567,651,567,0,0,FA,FA
23,70,c336,70_c336_C.jpg,1,1311,622,790,622,0,1,HIT,HIT
23,71,c5,71_c5_C.jpg,1,1176,618,655,618,0,1,HIT,MISS&FA
23,72,n352,72_n352_N.jpg,0,1098,613,577,613,0,0,FA,FA
23,73,c149,73_c149_C.jpg,1,1239,398,718,398,0,1,HIT,HIT
23,74,n260,74_n260_N.jpg,0,919,706,398,706,0,0,FA,FA
23,75,c242,75_c242_C.jpg,1,1181,504,660,504,0,1,HIT,MISS&FA
23,76,c141,76_c141_C.jpg,1,1281,916,760,916,0,1,HIT,HIT
23,77,c352,77_c352_C.jpg,1,1237,635,716,635,0,1,HIT,HIT
23,78,c69,78_c69_C.jpg,1,1040,652,519,652,0,1,HIT,MISS&FA
23,79,c228,79_c228_C.jpg,1,1109,720,588,720,0,1,HIT,HIT
23,80,c101,80_c101_C.jpg,1,1170,566,649,566,0,1,HIT,HIT
